match_id,current_score,display_score,period_1,period_2,period_3,period_4,period_5,period_1_tie_break,period_2_tie_break,period_3_tie_break,period_4_tie_break,period_5_tie_break,normal_time
11673958,2,2,6,6,,,,,,,,,
11673962,,,,,,,,,,,,,
11673963,0,0,6,4,,,,,,,,,
11673993,2,2,4,6,6,,,,,,,,
11674000,1,1,6,2,,,,,,,,,
11674008,1,1,6,4,3,,,,,,,,
11674011,2,2,6,6,6,,,,,,,,
11674026,2,2,6,6,,,,,,,,,
11674032,1,1,4,6,3,,,,,,,,
11674034,0,0,5,3,,,,,,,,,
11674074,0,0,5,1,,,,,,,,,
11674103,0,0,4,2,,,,,,,,,
11674105,1,1,7,6,6,,,10,2,3,,,
11674110,2,2,6,6,,,,,,,,,
11674111,2,2,6,6,,,,,,,,,
11674112,0,0,1,6,,,,,6,,,,
11674113,2,2,5,6,6,,,,,,,,
11674114,2,2,6,4,6,,,,,,,,
11675440,2,2,6,3,6,,,,,,,,
11675443,1,1,1,7,3,,,,7,,,,
11675444,0,0,2,2,,,,,,,,,
11675445,2,2,6,3,6,,,,,,,,
11675446,2,2,6,7,,,,,,,,,
11675447,0,0,4,2,,,,,,,,,
11675448,2,2,1,7,7,,,,,9,,,
11675449,1,1,7,2,1,,,7,,,,,
11675450,2,2,6,6,,,,,,,,,
11686269,0,0,2,6,,,,,5,,,,
11686272,0,0,1,,,,,,,,,,
11686275,,,,,,,,,,,,,
11686276,2,2,6,7,,,,,,,,,
11686281,2,2,2,6,6,,,,,,,,
11688311,,,,,,,,,,,,,
11696863,2,2,6,6,,,,,,,,,
11697105,2,2,5,6,6,,,,,,,,
11697107,0,0,1,2,,,,,,,,,
11697108,1,1,6,4,4,,,,,,,,
11697110,2,2,6,6,,,,,,,,,
11697112,2,2,6,6,,,,,,,,,
11697113,1,1,7,5,3,,,8,,,,,
11697117,2,2,6,7,,,,,7,,,,
11697118,0,0,0,3,,,,,,,,,
11697119,0,0,4,3,,,,,,,,,
11697120,2,2,1,6,7,,,,,10,,,
11697121,0,0,0,0,,,,,,,,,
11697122,2,2,7,6,,,,,,,,,
11697123,2,2,1,6,6,,,,,,,,
11697124,0,0,2,2,,,,,,,,,
11697126,2,2,6,6,,,,,,,,,
11697152,0,0,6,4,,,,5,,,,,
11697216,2,2,7,7,,,,8,7,,,,
11697223,1,1,1,6,4,,,,,,,,
11697237,2,2,6,6,,,,,,,,,
11697262,0,0,3,5,,,,,,,,,
11697278,1,1,6,0,2,,,,,,,,
11697304,2,2,6,6,,,,,,,,,
11697306,2,2,6,6,,,,,,,,,
11697309,2,2,6,6,,,,,,,,,
11697316,0,0,5,4,,,,,,,,,
11698042,2,2,6,6,,,,,,,,,
11698055,2,2,7,6,6,,,8,0,,,,
11698354,0,0,0,6,,,,,,,,,
11698355,2,2,4,7,10,,,,,,,,
11698356,0,0,4,5,,,,,,,,,
11698357,0,0,3,2,,,,,,,,,
11698358,2,2,6,6,,,,,,,,,
11698359,0,0,0,2,,,,,,,,,
11698360,2,2,6,5,10,,,,,,,,
11698361,0,0,4,0,,,,,,,,,
11698362,0,0,4,2,,,,,,,,,
11698363,0,0,0,0,,,,,,,,,
11698364,0,0,2,0,,,,,,,,,
11698365,2,2,6,6,,,,,,,,,
11698366,2,2,7,0,10,,,,,,,,
11698367,2,2,6,6,,,,,,,,,
11698368,0,0,3,2,,,,,,,,,
11698369,2,2,6,6,,,,,,,,,
11698370,0,0,2,1,,,,,,,,,
11698371,2,2,6,6,,,,,,,,,
11698372,0,0,4,4,,,,,,,,,
11698373,2,2,2,6,10,,,,,,,,
11698374,0,0,1,0,,,,,,,,,
11698375,2,2,6,6,,,,,,,,,
11698376,2,2,6,2,13,,,,,,,,
11698377,2,2,6,6,,,,,,,,,
11698378,2,2,6,6,,,,,,,,,
11698379,2,2,6,3,6,,,,,,,,
11698395,2,2,6,3,6,,,,,,,,
11698397,2,2,6,6,,,,,,,,,
11698398,2,2,2,6,6,,,,,,,,
11698399,2,2,6,6,,,,,,,,,
11698400,2,2,6,7,,,,,7,,,,
11698401,2,2,6,6,,,,,,,,,
11698402,0,0,4,2,,,,,,,,,
11698403,0,0,3,0,,,,,,,,,
11698476,2,2,6,6,,,,,,,,,
11698477,2,2,6,6,,,,,,,,,
11698544,2,2,6,3,6,,,,,,,,
11698550,2,2,6,5,6,,,,,,,,
11698683,0,0,1,3,,,,,,,,,
11698735,1,1,6,1,,,,,,,,,
11698749,2,2,6,6,,,,,,,,,
11698757,1,1,2,6,5,,,,,,,,
11698861,2,2,6,6,,,,,,,,,
11698870,2,2,6,2,10,,,,,,,,
11698871,2,2,6,6,,,,,,,,,
11698872,0,0,0,4,,,,,,,,,
11698873,,,,,,,,,,,,,
11698874,2,2,7,7,,,,,,,,,
11698875,2,2,1,6,10,,,,,,,,
11698876,2,2,6,6,,,,,,,,,
11698877,0,0,2,4,,,,,,,,,
11698878,2,2,6,6,,,,,,,,,
11698879,0,0,4,6,,,,,,,,,
11698880,,,,,,,,,,,,,
11698881,0,0,2,0,,,,,,,,,
11698882,2,2,6,2,10,,,,,,,,
11698883,0,0,1,1,,,,,,,,,
11698884,0,0,2,1,,,,,,,,,
11698885,0,0,1,1,,,,,,,,,
11698931,2,2,2,6,10,,,,,,,,
11698932,2,2,6,6,,,,,,,,,
11698933,2,2,6,6,,,,,,,,,
11698934,0,0,1,1,,,,,,,,,
11698935,2,2,6,6,,,,,,,,,
11698936,2,2,6,6,,,,,,,,,
11698937,0,0,3,1,,,,,,,,,
11698938,0,0,1,6,,,,,,,,,
11698939,0,0,2,1,,,,,,,,,
11698940,0,0,4,1,,,,,,,,,
11698941,,,4,,,,,,,,,,
11698942,0,0,1,4,,,,,,,,,
11698943,0,0,1,6,,,,,,,,,
11698944,2,2,6,6,,,,,,,,,
11698945,0,0,3,1,,,,,,,,,
11698946,0,0,0,3,,,,,,,,,
11698947,0,0,1,0,,,,,,,,,
11698949,2,2,6,6,,,,,,,,,
11698950,2,2,6,6,,,,,,,,,
11698951,0,0,6,5,,,,,,,,,
11698952,0,0,0,0,,,,,,,,,
11698953,2,2,1,6,13,,,,,,,,
11698954,0,0,2,4,,,,,,,,,
11698955,0,0,4,1,,,,,,,,,
11698956,2,2,6,6,,,,,,,,,
11698957,2,2,6,6,,,,,,,,,
11698958,2,2,6,6,,,,,,,,,
11698959,0,0,3,2,,,,,,,,,
11698960,0,0,3,4,,,,,,,,,
11698961,2,2,6,6,,,,,,,,,
11698962,2,2,6,6,,,,,,,,,
11698963,,,,,,,,,,,,,
11698964,0,0,0,2,,,,,,,,,
11698965,2,2,6,6,,,,,,,,,
11698966,2,2,6,6,,,,,,,,,
11698967,0,0,3,2,,,,,,,,,
11698968,2,2,6,6,,,,,,,,,
11698969,2,2,6,6,10,,,,,,,,
11698970,2,2,7,6,,,,,,,,,
11698971,2,2,4,6,11,,,,,,,,
11698972,2,2,6,6,,,,,,,,,
11698973,2,2,6,6,,,,,,,,,
11698974,2,2,7,6,,,,,,,,,
11698975,0,0,5,1,,,,,,,,,
11698976,2,2,7,6,,,,,,,,,
11698977,2,2,6,6,,,,,,,,,
11698978,0,0,0,0,,,,,,,,,
11698979,2,2,6,6,,,,,,,,,
11698980,0,0,3,4,,,,,,,,,
11698984,0,0,1,0,,,,,,,,,
11698985,2,2,6,6,,,,,,,,,
11698986,2,2,7,7,,,,,,,,,
11698987,2,2,7,7,,,,,,,,,
11698988,2,2,6,1,10,,,,,,,,
11698989,0,0,1,1,,,,,,,,,
11698990,0,0,1,1,,,,,,,,,
11698991,2,2,6,6,,,,,,,,,
11698992,0,0,2,4,,,,,,,,,
11698993,2,2,6,4,10,,,,,,,,
11698994,2,2,7,6,,,,,,,,,
11698995,2,2,6,6,,,,,,,,,
11698996,0,0,1,3,,,,,,,,,
11698997,2,2,6,3,10,,,,,,,,
11698998,2,2,6,4,10,,,,,,,,
11698999,0,0,2,2,,,,,,,,,
11699000,2,2,6,6,,,,,,,,,
11699001,0,0,1,1,,,,,,,,,
11699002,1,1,6,2,5,,,,,,,,
11699003,1,1,2,7,1,,,,,,,,
11699004,0,0,6,4,,,,,,,,,
11699005,2,2,6,7,,,,,,,,,
11699006,2,2,6,6,,,,,,,,,
11699007,,,,,,,,,,,,,
11699008,2,2,6,6,,,,,,,,,
11699009,0,0,2,0,,,,,,,,,
11699010,1,1,6,1,6,,,,,,,,
11699011,0,0,0,3,,,,,,,,,
11699012,2,2,6,7,,,,,,,,,
11699013,2,2,6,6,,,,,,,,,
11699014,2,2,6,6,,,,,,,,,
11699015,0,0,4,2,,,,,,,,,
11699035,2,2,6,6,,,,,,,,,
11699036,2,2,6,6,,,,,,,,,
11699037,0,0,0,3,,,,,,,,,
11699038,2,2,6,6,,,,,,,,,
11699039,0,0,2,0,,,,,,,,,
11699040,1,1,2,6,9,,,,,,,,
11699041,0,0,4,2,,,,,,,,,
11699042,2,2,6,6,,,,,,,,,
11699043,2,2,6,6,,,,,,,,,
11699044,2,2,7,6,,,,,,,,,
11699045,2,2,6,6,,,,,,,,,
11699046,0,0,3,2,,,,,,,,,
11699047,2,2,6,6,,,,,,,,,
11699048,2,2,6,6,,,,,,,,,
11699049,0,0,3,0,,,,,,,,,
11699050,2,2,5,7,10,,,,,,,,
11699051,,,4,,,,,,,,,,
11699052,2,2,6,6,,,,,,,,,
11699053,2,2,6,6,,,,,,,,,
11699054,0,0,2,3,,,,,,,,,
11699055,2,2,6,6,,,,,,,,,
11699056,0,0,0,0,,,,,,,,,
11699057,2,2,6,7,,,,,,,,,
11699058,0,0,1,1,,,,,,,,,
11699059,0,0,3,0,,,,,,,,,
11699062,0,0,3,1,,,,,,,,,
11699063,0,0,2,1,,,,,,,,,
11699064,,,,,,,,,,,,,
11699065,1,1,7,4,4,,,,,,,,
11699067,0,0,0,6,,,,,,,,,
11699068,1,1,6,4,5,,,,,,,,
11699069,2,2,6,6,,,,,,,,,
11699070,0,0,1,6,,,,,,,,,
11699071,2,2,7,7,,,,,,,,,
11699072,0,0,3,0,,,,,,,,,
11699073,1,1,6,6,4,,,,,,,,
11699074,2,2,6,6,6,,,,,,,,
11699083,2,2,6,4,6,,,,,,,,
11699084,2,2,6,6,,,,,,,,,
11699097,0,0,4,6,,,,,0,,,,
11699098,0,0,4,6,,,,,6,,,,
11699099,2,2,6,6,,,,,,,,,
11699100,1,1,6,6,5,,,,5,,,,
11699101,2,2,6,6,,,,,,,,,
11699102,0,0,3,1,,,,,,,,,
11699103,2,2,6,6,,,,,,,,,
11699104,2,2,6,6,,,,,,,,,
11699105,2,2,6,4,10,,,,,,,,
11699106,1,1,6,6,,,,,3,,,,
11699107,0,0,6,1,,,,5,,,,,
11699108,1,1,4,6,7,,,,,,,,
11699109,1,1,6,4,8,,,,,,,,
11699110,0,0,1,4,,,,,,,,,
11699111,0,0,2,4,,,,,,,,,
11699112,2,2,4,6,10,,,,,,,,
11699113,0,0,4,6,,,,,4,,,,
11699125,0,0,4,3,,,,,,,,,
11699126,0,0,1,0,,,,,,,,,
11699127,0,0,2,1,,,,,,,,,
11699128,2,2,7,3,10,,,,,,,,
11699129,0,0,4,1,,,,,,,,,
11699130,0,0,2,3,,,,,,,,,
11699131,2,2,6,6,,,,,,,,,
11699132,1,1,6,2,6,,,,,,,,
11699133,0,0,2,4,,,,,,,,,
11699134,2,2,6,6,,,,,,,,,
11699135,2,2,6,6,,,,,,,,,
11699136,0,0,1,0,,,,,,,,,
11699137,2,2,6,6,,,,,,,,,
11699138,2,2,7,6,,,,,,,,,
11699139,2,2,6,6,,,,,,,,,
11699140,2,2,3,6,10,,,,,,,,
11699141,2,2,6,6,,,,,,,,,
11699142,0,0,1,0,,,,,,,,,
11699143,0,0,3,1,,,,,,,,,
11699144,2,2,6,6,,,,,,,,,
11699145,1,1,2,6,5,,,,,,,,
11699146,2,2,6,6,,,,,,,,,
11699147,0,0,2,1,,,,,,,,,
11699148,2,2,6,6,,,,,,,,,
11699149,2,2,7,6,,,,,,,,,
11699150,2,2,6,4,11,,,,,,,,
11699151,0,0,4,6,,,,,,,,,
11699153,0,0,5,5,,,,,,,,,
11699154,2,2,5,6,10,,,,,,,,
11699155,2,2,6,6,,,,,,,,,
11699156,2,2,6,4,10,,,,,,,,
11699157,2,2,6,6,,,,,,,,,
11699158,2,2,6,6,,,,,,,,,
11699159,0,0,3,4,,,,,,,,,
11699160,0,0,3,2,,,,,,,,,
11699161,2,2,7,6,,,,9,,,,,
11699162,0,0,0,0,,,,,,,,,
11699163,2,2,7,7,,,,,7,,,,
11699164,2,2,6,6,,,,,,,,,
11699165,2,2,6,7,,,,,,,,,
11699166,0,0,3,0,,,,,,,,,
11699167,1,1,6,6,6,,,,5,,,,
11699168,2,2,6,6,,,,,,,,,
11699173,2,2,3,6,7,,,,,7,,,
11699185,2,2,6,6,,,,,,,,,
11699186,1,1,7,1,3,,,7,,,,,
11699187,1,1,6,3,0,,,,,,,,
11699188,2,2,6,4,6,,,,,,,,
11699189,0,0,3,2,,,,,,,,,
11699190,0,0,3,0,,,,,,,,,
11699191,0,0,0,0,,,,,,,,,
11699192,2,2,6,6,,,,,,,,,
11699193,2,2,6,6,,,,,,,,,
11699194,1,1,2,6,1,,,,,,,,
11699195,2,2,6,6,,,,,,,,,
11699196,2,2,6,6,,,,,,,,,
11699197,0,0,1,3,,,,,,,,,
11699198,0,0,3,3,,,,,,,,,
11699199,0,0,2,4,,,,,,,,,
11699200,0,0,1,6,,,,,6,,,,
11699221,2,2,7,6,,,,,,,,,
11699222,2,2,6,6,,,,,,,,,
11699223,2,2,6,6,,,,,,,,,
11699224,2,2,6,6,,,,,,,,,
11699225,0,0,5,3,,,,,,,,,
11699226,0,0,1,1,,,,,,,,,
11699227,0,0,0,2,,,,,,,,,
11699228,2,2,6,6,,,,,,,,,
11699229,0,0,1,0,,,,,,,,,
11699230,2,2,6,6,,,,,,,,,
11699231,1,1,4,6,1,,,,,,,,
11699232,2,2,6,6,,,,,,,,,
11699233,0,0,4,3,,,,,,,,,
11699234,2,2,6,6,,,,,,,,,
11699235,1,1,7,6,6,,,,,,,,
11699236,2,2,6,6,,,,,,,,,
11699237,2,2,6,4,10,,,,,,,,
11699238,0,0,1,2,,,,,,,,,
11699239,,,,,,,,,,,,,
11699240,0,0,0,0,,,,,,,,,
11699241,2,2,4,6,6,,,,,,,,
11699242,0,0,4,2,,,,,,,,,
11699243,2,2,6,6,,,,,,,,,
11699244,2,2,7,6,,,,,,,,,
11699245,2,2,3,6,10,,,,,,,,
11699246,2,2,6,6,,,,,,,,,
11699247,1,1,1,6,3,,,,,,,,
11699248,0,0,0,0,,,,,,,,,
11699249,2,2,6,6,,,,,,,,,
11699250,,,,,,,,,,,,,
11699251,0,0,5,4,,,,,,,,,
11699252,2,2,6,6,,,,,,,,,
11699253,0,0,4,4,,,,,,,,,
11699254,0,0,1,1,,,,,,,,,
11699255,2,2,6,6,,,,,,,,,
11699256,0,0,3,3,,,,,,,,,
11699257,1,1,6,3,8,,,,,,,,
11699258,0,0,5,4,,,,,,,,,
11699259,1,1,7,1,2,,,,,,,,
11699260,2,2,6,6,,,,,,,,,
11699261,2,2,6,6,,,,,,,,,
11699262,0,0,2,1,,,,,,,,,
11699263,2,2,6,6,,,,,,,,,
11699264,0,0,4,3,,,,,,,,,
11699265,,,6,3,,,,,,,,,
11699266,0,0,2,0,,,,,,,,,
11699267,2,2,6,7,,,,,,,,,
11699268,2,2,6,6,,,,,,,,,
11699269,1,1,4,7,3,,,,,,,,
11699270,2,2,6,6,,,,,,,,,
11699271,2,2,6,6,,,,,,,,,
11699272,0,0,2,3,,,,,,,,,
11699296,1,1,6,2,4,,,,,,,,
11699334,2,2,6,7,,,,,,,,,
11699341,2,2,6,6,,,,,,,,,
11699342,1,1,6,3,3,,,,,,,,
11699343,2,2,6,3,6,,,,,,,,
11699344,0,0,4,1,,,,,,,,,
11699345,0,0,4,3,,,,,,,,,
11699346,0,0,3,4,,,,,,,,,
11699347,2,2,7,6,6,,,,,,,,
11699348,2,2,6,7,,,,,,,,,
11699349,2,2,6,6,,,,,,,,,
11699350,2,2,7,6,,,,,,,,,
11699351,1,1,4,7,1,,,,,,,,
11699352,0,0,3,5,,,,,,,,,
11699361,2,2,6,6,,,,,,,,,
11699386,0,0,3,1,,,,,,,,,
11699387,0,0,3,2,,,,,,,,,
11699388,2,2,6,6,,,,,,,,,
11699389,1,1,6,4,4,,,,,,,,
11699390,0,0,1,3,,,,,,,,,
11699391,2,2,0,7,6,,,,,,,,
11699392,0,0,5,4,,,,,,,,,
11699393,0,0,2,3,,,,,,,,,
11699394,0,0,4,,,,,,,,,,
11699395,2,2,6,6,,,,,,,,,
11699396,0,0,2,1,,,,,,,,,
11699397,1,1,1,6,4,,,,,,,,
11699398,2,2,6,2,6,,,,,,,,
11699416,2,2,3,6,10,,,,,,,,
11699417,2,2,6,6,,,,,,,,,
11699418,0,0,3,3,,,,,,,,,
11699419,0,0,4,2,,,,,,,,,
11699420,0,0,1,3,,,,,,,,,
11699421,0,0,0,4,,,,,,,,,
11699422,0,0,0,0,,,,,,,,,
11699423,,,,,,,,,,,,,
11699424,2,2,6,6,,,,,,,,,
11699425,2,2,6,6,,,,,,,,,
11699426,2,2,6,6,,,,,,,,,
11699427,2,2,6,6,,,,,,,,,
11699428,0,0,4,5,,,,,,,,,
11699429,2,2,3,6,10,,,,,,,,
11699430,2,2,6,3,10,,,,,,,,
11699431,2,2,6,6,,,,,,,,,
11699432,,,,,,,,,,,,,
11699433,0,0,3,4,,,,,,,,,
11699434,2,2,6,6,,,,,,,,,
11699435,2,2,6,6,,,,,,,,,
11699436,,,6,3,,,,,,,,,
11699437,0,0,3,3,,,,,,,,,
11699438,0,0,3,2,,,,,,,,,
11699439,2,2,6,6,,,,,,,,,
11699440,0,0,5,2,,,,,,,,,
11699441,0,0,2,2,,,,,,,,,
11699442,2,2,6,6,,,,,,,,,
11699443,2,2,6,7,,,,,,,,,
11699444,0,0,2,4,,,,,,,,,
11699445,0,0,0,0,,,,,,,,,
11699446,2,2,6,6,,,,,,,,,
11699447,2,2,6,6,,,,,,,,,
11699448,2,2,6,6,,,,,,,,,
11699449,1,1,6,6,8,,,,,,,,
11699450,2,2,3,7,10,,,,,,,,
11699451,2,2,6,7,,,,,,,,,
11699452,0,0,1,3,,,,,,,,,
11699453,2,2,6,6,,,,,,,,,
11699454,2,2,4,7,10,,,,,,,,
11699455,2,2,6,6,,,,,,,,,
11699456,,,,,,,,,,,,,
11699457,0,0,0,5,,,,,,,,,
11699458,0,0,4,4,,,,,,,,,
11699459,2,2,6,6,,,,,,,,,
11699460,2,2,6,7,,,,,,,,,
11699461,2,2,6,6,,,,,,,,,
11699462,2,2,6,7,,,,,,,,,
11699463,2,2,6,6,,,,,,,,,
11699464,1,1,6,4,6,,,,,,,,
11699465,2,2,6,6,10,,,,,,,,
11699466,0,0,6,4,,,,,,,,,
11699809,1,1,4,7,4,,,,,,,,
11699812,2,2,6,6,,,,,,,,,
11699813,2,2,6,6,,,,,,,,,
11699814,0,0,3,4,,,,,,,,,
11699815,0,0,3,2,,,,,,,,,
11699816,0,0,3,3,,,,,,,,,
11699817,1,1,6,3,4,,,,,,,,
11699818,2,2,6,6,,,,,,,,,
11699819,2,2,3,6,6,,,,,,,,
11699820,1,1,6,2,6,,,,,,,,
11699821,0,0,3,2,,,,,,,,,
11699822,,,,,,,,,,,,,
11700010,0,0,2,0,,,,,,,,,
11700011,0,0,1,1,,,,,,,,,
11700012,0,0,0,0,,,,,,,,,
11700013,0,0,1,2,,,,,,,,,
11700014,0,0,2,3,,,,,,,,,
11700015,2,2,6,6,,,,,,,,,
11700016,0,0,5,3,,,,,,,,,
11700017,0,0,3,3,,,,,,,,,
11700018,0,0,1,3,,,,,,,,,
11700019,2,2,6,6,,,,,,,,,
11700020,2,2,0,6,10,,,,,,,,
11700021,0,0,6,2,,,,,,,,,
11700022,0,0,3,6,,,,,,,,,
11700023,0,0,0,1,,,,,,,,,
11700024,2,2,6,6,,,,,,,,,
11700025,2,2,6,6,10,,,,,,,,
11700026,2,2,6,3,10,,,,,,,,
11700027,0,0,0,0,,,,,,,,,
11700028,,,7,1,,,,,,,,,
11700029,2,2,6,7,,,,,,,,,
11700030,2,2,6,6,,,,,,,,,
11700031,0,0,1,4,,,,,,,,,
11700032,,,,,,,,,,,,,
11700033,0,0,1,2,,,,,,,,,
11700034,2,2,6,6,,,,,,,,,
11700035,2,2,7,7,,,,,,,,,
11700036,0,0,3,3,,,,,,,,,
11700037,0,0,0,1,,,,,,,,,
11700038,0,0,3,1,,,,,,,,,
11700039,0,0,1,5,,,,,,,,,
11700040,0,0,0,3,,,,,,,,,
11700041,2,2,6,6,,,,,,,,,
11700066,2,2,6,6,,,,,,,,,
11701137,0,0,6,2,,,,,,,,,
11701138,0,0,2,4,,,,,,,,,
11701139,1,1,6,2,7,,,,,,,,
11701140,1,1,6,3,6,,,,,,,,
11701141,2,2,6,6,,,,,,,,,
11701142,2,2,2,7,10,,,,,,,,
11701143,0,0,2,1,,,,,,,,,
11701144,0,0,0,2,,,,,,,,,
11701145,2,2,7,4,10,,,,,,,,
11701146,0,0,2,0,,,,,,,,,
11701147,0,0,1,2,,,,,,,,,
11701148,2,2,6,6,,,,,,,,,
11701149,2,2,6,6,,,,,,,,,
11701150,2,2,6,6,,,,,,,,,
11701151,0,0,1,2,,,,,,,,,
11701152,1,1,2,7,8,,,,,,,,
11701154,2,2,3,7,10,,,,,,,,
11701155,0,0,2,2,,,,,,,,,
11701233,0,0,0,0,,,,,,,,,
11701265,2,2,6,6,10,,,,,,,,
11701266,1,1,6,4,7,,,,,,,,
11701267,0,0,4,3,,,,,,,,,
11701268,2,2,6,6,,,,,,,,,
11701269,0,0,0,2,,,,,,,,,
11701270,0,0,1,2,,,,,,,,,
11701271,0,0,0,4,,,,,,,,,
11701272,0,0,2,5,,,,,,,,,
11701273,2,2,6,6,,,,,,,,,
11701274,2,2,6,6,,,,,,,,,
11701275,0,0,2,2,,,,,,,,,
11701276,2,2,4,6,10,,,,,,,,
11701277,0,0,3,1,,,,,,,,,
11701278,2,2,6,6,,,,,,,,,
11701279,2,2,6,6,,,,,,,,,
11701280,2,2,7,6,,,,,,,,,
11701281,2,2,6,6,,,,,,,,,
11701298,2,2,6,6,,,,,,,,,
11701327,2,2,4,6,6,,,,,,,,
11701328,2,2,6,6,6,,,,,,,,
11701329,2,2,6,6,,,,,,,,,
11701330,2,2,3,6,7,,,,,,,,
11701331,0,0,2,1,,,,,,,,,
11701333,1,1,7,5,6,,,,,,,,
11701334,1,1,6,3,6,,,,,,,,
11701335,2,2,6,7,,,,,,,,,
11701336,1,1,2,6,1,,,,,,,,
11701337,0,0,6,3,,,,,,,,,
11701338,1,1,6,3,3,,,,,,,,
11701339,2,2,4,6,6,,,,,,,,
11701340,0,0,4,3,,,,,,,,,
11701341,0,0,5,3,,,,,,,,,
11701342,1,1,6,6,4,,,,,,,,
11701343,2,2,6,6,,,,,,,,,
11701344,2,2,6,6,,,,,,,,,
11701345,0,0,3,2,,,,,,,,,
11701346,0,0,3,6,,,,,,,,,
11701347,0,0,4,1,,,,,,,,,
11701348,2,2,6,6,6,,,,,,,,
11701349,0,0,3,2,,,,,,,,,
11701350,2,2,7,6,,,,,,,,,
11701351,2,2,2,6,6,,,,,,,,
11701352,2,2,6,6,,,,,,,,,
11701385,0,0,3,2,,,,,,,,,
11701386,2,2,7,7,,,,,,,,,
11701444,0,0,2,5,,,,,,,,,
11701471,2,2,4,7,6,,,,,,,,
11701472,2,2,6,6,6,,,,,,,,
11701473,1,1,6,4,6,,,,,,,,
11701486,2,2,6,6,,,,,,,,,
11701487,2,2,6,6,,,,,,,,,
11701490,0,0,1,3,,,,,,,,,
11701491,0,0,5,5,,,,,,,,,
11701492,2,2,2,7,10,,,,7,,,,
11701493,2,2,4,7,11,,,,7,,,,
11701494,2,2,6,7,,,,,,,,,
11701495,1,1,6,5,2,,,,,,,,
11701496,2,2,6,6,,,,,,,,,
11701497,0,0,2,0,,,,,,,,,
11701499,0,0,6,3,,,,5,,,,,
11701509,0,0,3,1,,,,,,,,,
11701521,2,2,6,6,,,,,,,,,
11701522,2,2,6,4,10,,,,,,,,
11701523,2,2,6,6,10,,,,,,,,
11701524,0,0,0,6,,,,,,,,,
11701525,2,2,7,6,,,,,,,,,
11701526,0,0,1,5,,,,,,,,,
11701527,2,2,6,1,12,,,,,,,,
11701528,2,2,6,6,,,,,,,,,
11701529,2,2,6,6,,,,,,,,,
11701530,0,0,2,2,,,,,,,,,
11701531,2,2,6,6,,,,,,,,,
11701532,2,2,7,6,,,,,,,,,
11701533,2,2,2,6,10,,,,,,,,
11701534,0,0,2,4,,,,,,,,,
11701535,0,0,2,3,,,,,,,,,
11701536,0,0,2,5,,,,,,,,,
11701537,2,2,7,7,,,,9,,,,,
11701538,1,1,7,4,9,,,7,,,,,
11701539,0,0,1,0,,,,,,,,,
11701540,2,2,6,6,,,,,,,,,
11701541,0,0,3,1,,,,,,,,,
11701542,1,1,6,3,9,,,,,,,,
11701543,2,2,6,7,,,,,,,,,
11701544,2,2,6,6,,,,,,,,,
11701555,0,0,1,2,,,,,,,,,
11701556,0,0,3,4,,,,,,,,,
11701557,0,0,1,0,,,,,,,,,
11701558,2,2,6,6,,,,,,,,,
11701559,1,1,6,1,4,,,,,,,,
11701561,0,0,2,4,,,,,,,,,
11701562,2,2,6,1,10,,,,,,,,
11701563,2,2,4,6,11,,,,,,,,
11701565,0,0,4,0,,,,,,,,,
11701605,2,2,6,6,,,,,,,,,
11701606,2,2,6,7,,,,,,,,,
11701607,1,1,7,3,8,,,7,,,,,
11701608,0,0,3,2,,,,,,,,,
11701609,0,0,2,2,,,,,,,,,
11701610,2,2,6,6,,,,,,,,,
11701611,0,0,5,4,,,,,,,,,
11701612,0,0,3,,,,,,,,,,
11701613,0,0,3,1,,,,,,,,,
11701614,2,2,7,7,,,,,,,,,
11701615,2,2,4,6,6,,,,,,,,
11701616,1,1,6,2,3,,,,,,,,
11701617,0,0,3,5,,,,,,,,,
11701626,1,1,6,0,8,,,,,,,,
11701627,2,2,2,7,11,,,,7,,,,
11701631,2,2,4,7,10,,,,7,,,,
11701632,1,1,6,3,,,,,,,,,
11701633,2,2,2,6,10,,,,,,,,
11701634,0,0,4,4,,,,,,,,,
11701635,2,2,6,6,10,,,1,,,,,
11701640,2,2,6,6,6,,,,,,,,
11701643,2,2,6,6,,,,,,,,,
11701645,0,0,2,2,,,,,,,,,
11701646,0,0,0,0,,,,,,,,,
11701648,0,0,5,2,,,,,,,,,
11701651,,,,,,,,,,,,,
11701653,2,2,6,6,,,,,,,,,
11701655,2,2,6,6,,,,,,,,,
11701656,0,0,0,0,,,,,,,,,
11701661,1,1,6,1,4,,,,,,,,
11701662,2,2,6,6,,,,,,,,,
11701666,1,1,1,6,3,,,,,,,,
11701667,2,2,6,6,,,,,,,,,
11701668,0,0,4,5,,,,,,,,,
11701680,2,2,6,6,,,,,,,,,
11701681,2,2,6,6,,,,,,,,,
11701682,2,2,6,6,,,,,,,,,
11701683,2,2,6,6,,,,,,,,,
11701684,0,0,1,3,,,,,,,,,
11701689,2,2,4,6,6,,,,,,,,
11701697,1,1,7,1,4,,,,,,,,
11701698,2,2,7,4,6,,,,,,,,
11701699,0,0,2,2,,,,,,,,,
11701700,0,0,1,3,,,,,,,,,
11701701,1,1,4,6,3,,,,,,,,
11701702,0,0,6,1,,,,,,,,,
11701703,0,0,5,2,,,,,,,,,
11701704,0,0,4,2,,,,,,,,,
11701705,2,2,6,6,,,,,,,,,
11701706,2,2,7,6,,,,,,,,,
11701707,0,0,2,2,,,,,,,,,
11701708,2,2,7,6,,,,,,,,,
11701709,2,2,6,6,,,,,,,,,
11701710,0,0,3,2,,,,,,,,,
11701711,0,0,2,3,,,,,,,,,
11701712,0,0,1,0,,,,,,,,,
11701713,2,2,2,6,10,,,,,,,,
11701714,2,2,6,6,,,,,,,,,
11701715,2,2,6,7,,,,,,,,,
11701716,2,2,6,6,,,,,,,,,
11701717,1,1,4,6,8,,,,,,,,
11701718,,,,,,,,,,,,,
11701719,0,0,1,1,,,,,,,,,
11701720,2,2,6,6,,,,,,,,,
11701721,1,1,6,3,12,,,,,,,,
11701722,2,2,6,1,10,,,,,,,,
11701723,2,2,7,6,,,,,,,,,
11701724,1,1,3,6,8,,,,,,,,
11701725,0,0,0,1,,,,,,,,,
11701726,1,1,4,6,5,,,,,,,,
11701727,2,2,6,6,,,,,,,,,
11701728,0,0,1,1,,,,,,,,,
11701729,0,0,2,4,,,,,,,,,
11701730,0,0,6,5,,,,,,,,,
11701731,2,2,7,7,,,,,,,,,
11701732,0,0,0,0,,,,,,,,,
11701733,0,0,3,2,,,,,,,,,
11701734,2,2,6,6,,,,,,,,,
11701735,2,2,6,6,,,,,,,,,
11701736,2,2,2,6,10,,,,,,,,
11701737,,,3,,,,,,,,,,
11701738,0,0,3,2,,,,,,,,,
11701739,,,7,3,,,,,,,,,
11701740,2,2,6,1,10,,,,,,,,
11701741,2,2,6,6,,,,,,,,,
11701742,0,0,3,3,,,,,,,,,
11701743,2,2,7,7,,,,,,,,,
11701744,0,0,2,2,,,,,,,,,
11701745,2,2,6,6,,,,,,,,,
11701746,0,0,0,0,,,,,,,,,
11701747,0,0,3,6,,,,,,,,,
11701748,2,2,7,6,,,,,,,,,
11701749,2,2,7,6,,,,,,,,,
11701752,2,2,6,6,,,,,,,,,
11701761,0,0,4,1,,,,,,,,,
11701779,0,0,3,3,,,,,,,,,
11701780,0,0,1,2,,,,,,,,,
11701781,2,2,6,6,,,,,,,,,
11701782,0,0,5,2,,,,,,,,,
11701783,2,2,6,6,,,,,,,,,
11701784,0,0,4,3,,,,,,,,,
11701785,2,2,5,6,10,,,,,,,,
11701786,1,1,7,4,7,,,,,,,,
11701787,0,0,0,3,,,,,,,,,
11701788,0,0,0,5,,,,,,,,,
11701839,1,1,6,6,1,,,,,,,,
11701840,2,2,6,7,,,,,,,,,
11701841,0,0,1,3,,,,,,,,,
11701842,0,0,1,1,,,,,,,,,
11701843,0,0,2,2,,,,,,,,,
11701877,1,1,6,3,11,,,,,,,,
11701917,2,2,7,6,,,,,,,,,
11701918,0,0,2,4,,,,,,,,,
11701919,2,2,6,6,,,,,,,,,
11701920,2,2,6,6,,,,,,,,,
11701921,0,0,2,4,,,,,,,,,
11701922,2,2,6,6,,,,,,,,,
11701923,1,1,3,7,8,,,,,,,,
11701924,1,1,1,6,9,,,,,,,,
11701925,0,0,1,4,,,,,,,,,
11701926,0,0,3,1,,,,,,,,,
11701927,2,2,6,5,10,,,,,,,,
11701928,0,0,3,0,,,,,,,,,
11701929,2,2,6,6,,,,,,,,,
11701930,0,0,0,0,,,,,,,,,
11701931,1,1,3,6,6,,,,,,,,
11701932,2,2,6,6,,,,,,,,,
11701933,0,0,3,4,,,,,,,,,
11701934,1,1,6,6,7,,,,,,,,
11702042,,,,,,,,,,,,,
11702214,1,1,1,6,8,,,,,,,,
11702216,0,0,2,1,,,,,,,,,
11702217,0,0,4,2,,,,,,,,,
11702218,1,1,6,4,4,,,,,,,,
11702220,2,2,1,7,12,,,,,,,,
11702221,1,1,3,6,3,,,,,,,,
11702222,2,2,6,6,,,,,,,,,
11702224,0,0,4,2,,,,,,,,,
11702225,2,2,6,4,10,,,,,,,,
11702230,1,1,6,4,6,,,,,,,,
11702232,2,2,6,6,,,,,,,,,
11702238,2,2,6,6,,,,,,,,,
11702241,0,0,5,2,,,,,,,,,
11702242,0,0,1,0,,,,,,,,,
11702243,2,2,6,6,,,,,,,,,
11702244,0,0,3,2,,,,,,,,,
11702248,2,2,5,6,6,,,,,,,,
11703221,0,0,4,2,,,,,,,,,
11703236,0,0,0,1,,,,,,,,,
11703242,1,1,5,6,6,,,,,,,,
11703331,1,1,4,6,9,,,,,,,,
11703442,0,0,1,4,,,,,,,,,
11703443,2,2,6,6,10,,,5,,,,,
11703444,0,0,6,4,,,,3,,,,,
11703445,0,0,6,4,,,,3,,,,,
11703470,0,0,5,3,,,,,,,,,
11703524,0,0,2,1,,,,,,,,,
11703525,0,0,4,5,,,,,,,,,
