match_id,set_num,game_num,value,break_occurred
11674074,1,1,30.5,False
11674074,1,2,81.1,True
11674074,1,3,51.6,False
11674074,1,4,-33.8,False
11674074,1,5,-59.88,True
11674074,1,6,-22.68,False
11674074,1,7,10.0,False
11674074,1,8,-10.0,False
11674074,1,9,54.9,False
11674074,1,10,-10.0,False
11674074,1,11,65.88,False
11674074,1,12,26.18,True
11674074,2,1,54.9,False
11674074,2,2,64.08,True
11674074,2,3,52.1,False
11674074,2,4,-10.0,False
11674074,2,5,59.78,False
11674074,2,6,44.76,True
11674074,2,7,13.88,False
11674103,1,1,10.0,True
11674103,1,2,10.0,False
11674103,1,3,-26.64,False
11674103,1,4,10.0,False
11674103,1,5,-16.76,False
11674103,1,6,45.32,False
11674103,1,7,-17.22,False
11674103,1,8,63.9,False
11674103,1,9,-52.32,False
11674103,1,10,26.8,False
11674103,2,1,54.2,True
11674103,2,2,43.54,False
11674103,2,3,76.18,True
11674103,2,4,19.1,False
11674103,2,5,-40.88,False
11674103,2,6,16.4,False
11674103,2,7,-10.0,False
11674103,2,8,10.0,False
11674105,1,1,-10.0,False
11674105,1,2,51.46,False
11674105,1,3,-49.48,False
11674105,1,4,10.0,False
11674105,1,5,-20.26,False
11674105,1,6,10.0,False
11674105,1,7,-30.38,False
11674105,1,8,25.28,False
11674105,1,9,-10.0,False
11674105,1,10,37.82,False
11674105,1,11,-10.0,False
11674105,1,12,33.18,False
11674105,1,13,-10.0,False
11674105,2,1,32.7,False
11674105,2,2,-10.0,False
11674105,2,3,33.02,False
11674105,2,4,-27.66,False
11674105,2,5,10.0,False
11674105,2,6,-70.98,False
11674105,2,7,40.04,False
11674105,2,8,-55.16,False
11674105,2,9,26.8,False
11674105,2,10,-11.9,False
11674105,2,11,62.72,False
11674105,2,12,-10.0,False
11674105,2,13,10.0,False
11674105,3,1,-32.7,False
11674105,3,2,46.26,False
11674105,3,3,-10.0,False
11674105,3,4,17.1,False
11674105,3,5,-10.0,False
11674105,3,6,33.84,False
11674105,3,7,-46.46,False
11674105,3,8,22.78,False
11674105,3,9,-10.0,False
11674105,3,10,10.0,False
11674105,3,11,-58.7,False
11674105,3,12,27.02,False
11674105,3,13,10.0,False
11674110,1,1,-22.4,False
11674110,1,2,48.32,False
11674110,1,3,-10.0,False
11674110,1,4,-49.76,True
11674110,1,5,-45.98,False
11674110,1,6,10.0,False
11674110,1,7,-10.0,False
11674110,1,8,10.0,False
11674110,1,9,-26.76,False
11674110,2,1,58.7,False
11674110,2,2,-10.0,False
11674110,2,3,63.2,False
11674110,2,4,-10.0,False
11674110,2,5,-10.0,True
11674110,2,6,-60.08,False
11674110,2,7,10.0,False
11674110,2,8,-12.38,False
11674110,2,9,32.7,False
11674110,2,10,-10.0,False
11674111,1,1,10.0,False
11674111,1,2,-19.76,False
11674111,1,3,10.0,False
11674111,1,4,-10.72,False
11674111,1,5,63.46,False
11674111,1,6,50.88,True
11674111,1,7,-18.52,True
11674111,1,8,-10.0,False
11674111,1,9,-68.18,True
11674111,1,10,-14.28,False
11674111,2,1,10.0,False
11674111,2,2,-10.0,False
11674111,2,3,51.98,False
11674111,2,4,-10.0,False
11674111,2,5,-67.96,True
11674111,2,6,-18.52,False
11674111,2,7,-40.36,True
11674111,2,8,-57.96,False
11674112,1,1,26.8,False
11674112,1,2,-47.44,False
11674112,1,3,27.5,False
11674112,1,4,74.28,True
11674112,1,5,75.0,False
11674112,1,6,36.92,True
11674112,1,7,33.8,False
11674112,2,1,-32.7,False
11674112,2,2,-65.34,True
11674112,2,3,10.0,True
11674112,2,4,20.04,False
11674112,2,5,35.36,True
11674112,2,6,-26.64,True
11674112,2,7,-35.1,False
11674112,2,8,12.86,False
11674112,2,9,-27.98,False
11674112,2,10,10.0,False
11674112,2,11,-41.26,False
11674112,2,12,10.0,False
11674112,2,13,10.0,False
11674113,1,1,10.0,False
11674113,1,2,-54.28,False
11674113,1,3,10.0,False
11674113,1,4,-38.28,False
11674113,1,5,20.52,False
11674113,1,6,-32.7,False
11674113,1,7,10.0,False
11674113,1,8,-10.0,False
11674113,1,9,25.24,False
11674113,1,10,-21.6,False
11674113,1,11,10.0,False
11674113,1,12,74.28,True
11674113,2,1,10.0,False
11674113,2,2,-29.4,False
11674113,2,3,18.84,False
11674113,2,4,-26.8,False
11674113,2,5,52.8,False
11674113,2,6,-47.6,False
11674113,2,7,-10.0,True
11674113,2,8,-65.04,False
11674113,2,9,10.0,False
11674113,2,10,-40.56,False
11674113,3,1,26.8,False
11674113,3,2,-47.44,False
11674113,3,3,10.0,False
11674113,3,4,-38.08,False
11674113,3,5,-28.74,True
11674113,3,6,-17.22,False
11674113,3,7,-45.28,True
11674113,3,8,-62.14,False
11674114,1,1,-26.8,False
11674114,1,2,10.0,False
11674114,1,3,-34.22,False
11674114,1,4,51.28,False
11674114,1,5,-20.42,False
11674114,1,6,39.08,False
11674114,1,7,-10.0,False
11674114,1,8,64.4,False
11674114,1,9,-47.8,False
11674114,1,10,-25.0,True
11674114,2,1,-32.7,False
11674114,2,2,46.26,False
11674114,2,3,62.82,True
11674114,2,4,49.12,False
11674114,2,5,-10.0,False
11674114,2,6,33.84,False
11674114,2,7,-10.0,False
11674114,2,8,39.08,False
11674114,2,9,-10.0,False
11674114,2,10,36.04,False
11674114,3,1,-32.7,False
11674114,3,2,10.0,False
11674114,3,3,-36.44,False
11674114,3,4,50.24,False
11674114,3,5,-46.42,False
11674114,3,6,-33.52,True
11674114,3,7,-50.2,False
11674114,3,8,51.12,False
11674114,3,9,-26.32,False
11675440,1,1,10.0,False
11675440,1,2,-27.78,False
11675440,1,3,-37.36,True
11675440,1,4,10.0,True
11675440,1,5,-21.98,True
11675440,1,6,19.4,True
11675440,1,7,28.4,False
11675440,1,8,-50.34,False
11675440,1,9,-62.3,True
11675440,1,10,-26.28,False
11675440,2,1,10.0,False
11675440,2,2,-29.0,False
11675440,2,3,10.0,False
11675440,2,4,-28.76,False
11675440,2,5,10.0,False
11675440,2,6,-58.76,False
11675440,2,7,17.34,False
11675440,2,8,10.0,True
11675440,2,9,34.24,False
11675440,3,1,-10.0,False
11675440,3,2,-57.74,True
11675440,3,3,23.16,True
11675440,3,4,-10.48,True
11675440,3,5,-10.0,False
11675440,3,6,-39.26,True
11675440,3,7,-49.88,False
11675443,1,1,53.7,False
11675443,1,2,66.74,True
11675443,1,3,56.54,False
11675443,1,4,51.52,True
11675443,1,5,73.5,False
11675443,1,6,-35.04,False
11675443,1,7,67.34,False
11675443,2,1,-10.0,False
11675443,2,2,10.0,False
11675443,2,3,-10.0,False
11675443,2,4,10.0,False
11675443,2,5,-10.0,False
11675443,2,6,28.16,False
11675443,2,7,-54.84,False
11675443,2,8,28.3,False
11675443,2,9,-33.46,False
11675443,2,10,29.64,False
11675443,2,11,-10.0,False
11675443,2,12,38.42,False
11675443,2,13,-10.0,False
11675443,3,1,10.0,False
11675443,3,2,-11.34,False
11675443,3,3,10.0,False
11675443,3,4,-32.0,False
11675443,3,5,20.98,False
11675443,3,6,33.4,True
11675443,3,7,10.0,False
11675443,3,8,-48.12,False
11675443,3,9,41.86,False
11675444,1,1,-53.7,False
11675444,1,2,10.0,False
11675444,1,3,64.84,True
11675444,1,4,19.46,False
11675444,1,5,70.2,True
11675444,1,6,14.84,False
11675444,1,7,-42.26,False
11675444,1,8,10.0,False
11675444,2,1,36.1,True
11675444,2,2,10.0,False
11675444,2,3,-22.38,False
11675444,2,4,10.0,False
11675444,2,5,16.24,True
11675444,2,6,10.0,False
11675444,2,7,-10.0,False
11675444,2,8,28.4,False
11675445,1,1,-25.0,True
11675445,1,2,-58.7,False
11675445,1,3,37.96,False
11675445,1,4,-10.0,False
11675445,1,5,38.8,False
11675445,1,6,-10.0,False
11675445,1,7,39.66,False
11675445,1,8,-22.1,False
11675445,1,9,54.94,False
11675445,1,10,-29.54,False
11675445,2,1,28.4,False
11675445,2,2,-35.12,False
11675445,2,3,10.0,False
11675445,2,4,-61.24,False
11675445,2,5,10.0,False
11675445,2,6,-13.5,False
11675445,2,7,10.0,False
11675445,2,8,34.6,True
11675445,2,9,10.0,False
11675445,3,1,-10.0,False
11675445,3,2,-36.72,True
11675445,3,3,-10.94,False
11675445,3,4,45.86,False
11675445,3,5,-10.0,False
11675445,3,6,10.0,False
11675445,3,7,-30.16,False
11675445,3,8,-84.16,True
11675446,1,1,-18.6,True
11675446,1,2,-10.0,False
11675446,1,3,-23.74,True
11675446,1,4,-28.2,False
11675446,1,5,10.0,False
11675446,1,6,51.64,True
11675446,1,7,14.68,False
11675446,1,8,-10.0,False
11675446,1,9,-22.9,True
11675446,2,1,-53.7,False
11675446,2,2,42.96,False
11675446,2,3,-59.9,False
11675446,2,4,10.0,False
11675446,2,5,-46.9,False
11675446,2,6,10.0,False
11675446,2,7,-34.7,False
11675446,2,8,10.0,False
11675446,2,9,-10.84,False
11675446,2,10,10.0,False
11675446,2,11,-28.64,False
11675446,2,12,-39.26,True
11675447,1,1,-45.8,False
11675447,1,2,-45.26,True
11675447,1,3,-19.48,False
11675447,1,4,20.56,False
11675447,1,5,80.96,True
11675447,1,6,19.56,False
11675447,1,7,49.12,True
11675447,1,8,72.68,False
11675447,1,9,-10.0,False
11675447,1,10,67.44,False
11675447,2,1,-10.0,False
11675447,2,2,10.0,False
11675447,2,3,10.0,True
11675447,2,4,10.0,False
11675447,2,5,-10.0,False
11675447,2,6,29.94,False
11675447,2,7,26.66,True
11675447,2,8,38.34,False
11675448,1,1,54.1,True
11675448,1,2,39.22,False
11675448,1,3,-11.9,False
11675448,1,4,10.0,False
11675448,1,5,43.3,True
11675448,1,6,30.92,False
11675448,1,7,51.28,True
11675448,2,1,-54.1,True
11675448,2,2,-20.12,False
11675448,2,3,15.72,False
11675448,2,4,-24.58,False
11675448,2,5,59.9,False
11675448,2,6,10.0,True
11675448,2,7,10.0,False
11675448,2,8,-10.0,False
11675448,2,9,27.52,False
11675448,2,10,-29.54,False
11675448,2,11,-37.34,True
11675448,2,12,-15.44,False
11675448,3,1,28.4,False
11675448,3,2,-10.0,False
11675448,3,3,57.94,False
11675448,3,4,-10.0,False
11675448,3,5,11.18,False
11675448,3,6,18.0,True
11675448,3,7,-31.76,True
11675448,3,8,-31.74,False
11675448,3,9,10.0,False
11675448,3,10,-58.76,False
11675448,3,11,49.78,False
11675448,3,12,-27.16,False
11675448,3,13,-10.0,False
11675449,1,1,10.0,False
11675449,1,2,-53.32,False
11675449,1,3,-66.36,True
11675449,1,4,14.16,True
11675449,1,5,49.72,False
11675449,1,6,-10.0,False
11675449,1,7,-13.78,True
11675449,1,8,10.0,True
11675449,1,9,10.0,False
11675449,1,10,-10.0,False
11675449,1,11,-37.92,True
11675449,1,12,48.16,True
11675449,1,13,-10.0,False
11675449,2,1,-34.6,False
11675449,2,2,10.0,False
11675449,2,3,10.0,True
11675449,2,4,29.78,False
11675449,2,5,45.5,True
11675449,2,6,16.0,False
11675449,2,7,-52.06,False
11675449,2,8,23.24,False
11675449,3,1,75.9,True
11675449,3,2,10.0,False
11675449,3,3,17.0,True
11675449,3,4,52.48,False
11675449,3,5,-10.0,False
11675449,3,6,70.38,False
11675449,3,7,65.82,True
11675450,1,1,-36.1,True
11675450,1,2,14.08,True
11675450,1,3,50.74,False
11675450,1,4,-44.9,False
11675450,1,5,-10.0,True
11675450,1,6,-41.3,False
11675450,1,7,-14.9,True
11675450,1,8,-11.64,False
11675450,2,1,-21.3,True
11675450,2,2,-10.0,False
11675450,2,3,-61.3,True
11675450,2,4,-72.14,False
11675450,2,5,-59.28,True
11675450,2,6,-79.1,False
11686269,1,1,-30.5,False
11686269,1,2,24.4,False
11686269,1,3,33.1,True
11686269,1,4,43.22,False
11686269,1,5,-10.0,False
11686269,1,6,10.98,False
11686269,1,7,53.1,True
11686269,1,8,66.74,False
11686269,2,1,73.1,True
11686269,2,2,14.62,False
11686269,2,3,-15.88,False
11686269,2,4,-26.1,True
11686269,2,5,-16.2,False
11686269,2,6,10.0,False
11686269,2,7,-10.0,False
11686269,2,8,30.48,False
11686269,2,9,-10.0,False
11686269,2,10,10.98,False
11686269,2,11,33.1,True
11686269,2,12,10.0,False
11686269,2,13,10.0,False
11686272,1,1,10.0,False
11686272,1,2,36.22,True
11686272,1,3,45.52,False
11686272,1,4,-10.0,False
11686276,1,1,-35.0,True
11686276,1,2,-61.9,False
11686276,1,3,12.52,False
11686276,1,4,-10.98,False
11686276,1,5,35.38,False
11686276,1,6,10.0,True
11686276,1,7,-23.68,True
11686276,1,8,-10.0,False
11686276,1,9,10.0,False
11686276,1,10,-39.48,False
11686276,2,1,-20.0,True
11686276,2,2,14.1,True
11686276,2,3,30.12,False
11686276,2,4,-27.58,False
11686276,2,5,10.0,False
11686276,2,6,-67.94,False
11686276,2,7,10.0,False
11686276,2,8,-19.64,False
11686276,2,9,28.64,False
11686276,2,10,-56.96,False
11686276,2,11,-79.34,True
11686276,2,12,-57.46,False
11686281,1,1,35.0,True
11686281,1,2,-13.0,True
11686281,1,3,-10.0,False
11686281,1,4,49.68,False
11686281,1,5,44.76,True
11686281,1,6,17.98,False
11686281,1,7,80.1,True
11686281,1,8,17.62,False
11686281,2,1,-10.0,False
11686281,2,2,-35.0,True
11686281,2,3,28.0,True
11686281,2,4,-33.1,True
11686281,2,5,-10.0,False
11686281,2,6,48.02,False
11686281,2,7,-19.78,False
11686281,2,8,35.38,False
11686281,2,9,-54.9,False
11686281,3,1,-35.0,True
11686281,3,2,-37.5,False
11686281,3,3,-33.1,True
11686281,3,4,24.9,True
11686281,3,5,10.0,False
11686281,3,6,-10.0,False
11686281,3,7,10.0,False
11686281,3,8,-30.5,False
11686281,3,9,25.62,False
11686281,3,10,-10.0,False
11696863,1,1,-73.0,True
11696863,1,2,-68.6,False
11696863,1,3,-57.4,True
11696863,1,4,-78.2,False
11696863,1,5,10.0,False
11696863,1,6,-41.4,False
11696863,1,7,-41.0,True
11696863,2,1,-10.0,False
11696863,2,2,35.4,False
11696863,2,3,-10.0,False
11696863,2,4,10.0,False
11696863,2,5,-34.2,False
11696863,2,6,-43.8,True
11696863,2,7,-66.8,False
11696863,2,8,10.0,False
11696863,2,9,-45.2,False
11697105,1,1,-54.9,False
11697105,1,2,10.0,False
11697105,1,3,-17.78,False
11697105,1,4,28.58,False
11697105,1,5,79.88,True
11697105,1,6,-10.0,True
11697105,1,7,-61.0,True
11697105,1,8,10.0,False
11697105,1,9,-64.76,False
11697105,1,10,10.0,False
11697105,1,11,24.28,True
11697105,1,12,10.0,False
11697105,2,1,-12.9,False
11697105,2,2,27.92,False
11697105,2,3,-10.0,False
11697105,2,4,-30.12,True
11697105,2,5,-45.52,False
11697105,2,6,-49.46,True
11697105,2,7,-69.36,False
11697105,3,1,-20.0,True
11697105,3,2,-58.9,False
11697105,3,3,-49.98,True
11697105,3,4,10.0,True
11697105,3,5,-44.0,True
11697105,3,6,-39.5,False
11697105,3,7,10.0,False
11697105,3,8,-11.02,False
11697107,1,1,61.7,False
11697107,1,2,-10.0,False
11697107,1,3,79.62,False
11697107,1,4,45.58,True
11697107,1,5,50.82,False
11697107,1,6,67.72,True
11697107,1,7,72.0,False
11697107,2,1,-10.0,False
11697107,2,2,29.28,False
11697107,2,3,59.88,True
11697107,2,4,72.0,False
11697107,2,5,-10.0,False
11697107,2,6,39.14,False
11697107,2,7,78.76,True
11697107,2,8,11.5,False
11697108,1,1,-33.1,True
11697108,1,2,10.0,True
11697108,1,3,-25.62,True
11697108,1,4,50.1,True
11697108,1,5,-48.38,True
11697108,1,6,15.82,True
11697108,1,7,-27.76,True
11697108,1,8,-10.0,False
11697108,1,9,-74.64,True
11697108,2,1,-25.7,False
11697108,2,2,10.0,False
11697108,2,3,-16.04,False
11697108,2,4,-37.18,True
11697108,2,5,45.82,True
11697108,2,6,10.1,False
11697108,2,7,-10.0,False
11697108,2,8,10.0,False
11697108,2,9,52.64,True
11697108,2,10,10.0,False
11697108,3,1,10.0,True
11697108,3,2,52.52,False
11697108,3,3,63.6,True
11697108,3,4,76.88,False
11697108,3,5,-10.0,False
11697108,3,6,-25.24,True
11697108,3,7,-38.72,False
11697108,3,8,-48.1,True
11697108,3,9,21.9,True
11697108,3,10,10.0,False
11697110,1,1,-61.7,False
11697110,1,2,-85.44,True
11697110,1,3,-57.46,False
11697110,1,4,-53.82,True
11697110,1,5,-43.22,False
11697110,1,6,24.58,False
11697110,1,7,-10.0,False
11697110,2,1,10.0,False
11697110,2,2,-10.0,False
11697110,2,3,-31.34,True
11697110,2,4,-20.5,False
11697110,2,5,-61.92,True
11697110,2,6,-19.3,False
11697110,2,7,10.0,False
11697110,2,8,-54.9,False
11697112,1,1,10.0,False
11697112,1,2,-10.0,False
11697112,1,3,-74.64,True
11697112,1,4,-70.14,False
11697112,1,5,10.0,False
11697112,1,6,-11.06,False
11697112,1,7,10.0,False
11697112,1,8,-10.0,False
11697112,1,9,54.86,False
11697112,1,10,-20.74,False
11697112,2,1,-35.0,True
11697112,2,2,-51.1,False
11697112,2,3,10.0,False
11697112,2,4,-39.32,False
11697112,2,5,-26.1,True
11697112,2,6,10.0,True
11697112,2,7,-12.28,True
11697112,2,8,-53.66,False
11697113,1,1,-25.7,False
11697113,1,2,10.0,False
11697113,1,3,-59.32,False
11697113,1,4,10.0,False
11697113,1,5,-71.9,False
11697113,1,6,-62.76,True
11697113,1,7,-31.58,False
11697113,1,8,42.86,False
11697113,1,9,27.28,True
11697113,1,10,45.1,False
11697113,1,11,-10.0,False
11697113,1,12,35.38,False
11697113,1,13,-10.0,False
11697113,2,1,10.0,False
11697113,2,2,36.22,True
11697113,2,3,-26.78,True
11697113,2,4,20.0,True
11697113,2,5,-38.0,True
11697113,2,6,-10.0,False
11697113,2,7,10.0,False
11697113,2,8,-11.08,False
11697113,2,9,10.0,False
11697113,2,10,-10.0,False
11697113,2,11,10.0,False
11697113,2,12,75.0,True
11697113,3,1,-18.1,True
11697113,3,2,16.38,True
11697113,3,3,55.28,False
11697113,3,4,-10.0,False
11697113,3,5,65.74,False
11697113,3,6,10.0,True
11697113,3,7,10.0,False
11697113,3,8,-10.0,False
11697113,3,9,10.0,False
11697117,1,1,61.7,False
11697117,1,2,-42.56,False
11697117,1,3,10.0,False
11697117,1,4,-13.82,False
11697117,1,5,-55.36,True
11697117,1,6,10.0,True
11697117,1,7,10.0,False
11697117,1,8,-10.0,False
11697117,1,9,-34.28,True
11697117,1,10,-69.34,False
11697117,2,1,-16.2,True
11697117,2,2,-35.74,False
11697117,2,3,22.76,False
11697117,2,4,15.2,True
11697117,2,5,-41.66,True
11697117,2,6,45.9,True
11697117,2,7,26.08,False
11697117,2,8,-10.0,False
11697117,2,9,-25.32,True
11697117,2,10,10.0,True
11697117,2,11,35.1,False
11697117,2,12,-10.0,False
11697117,2,13,-10.0,False
11697118,1,1,10.0,False
11697118,1,2,10.0,True
11697118,1,3,10.0,False
11697118,1,4,29.62,True
11697118,1,5,15.68,False
11697118,1,6,28.62,True
11697118,2,1,10.0,False
11697118,2,2,-24.5,False
11697118,2,3,10.0,False
11697118,2,4,-11.34,False
11697118,2,5,-29.54,True
11697118,2,6,28.1,True
11697118,2,7,31.84,False
11697118,2,8,68.1,True
11697118,2,9,23.2,False
11697119,1,1,25.7,False
11697119,1,2,-25.36,False
11697119,1,3,53.94,False
11697119,1,4,-10.0,False
11697119,1,5,22.66,False
11697119,1,6,19.46,True
11697119,1,7,-48.8,True
11697119,1,8,45.72,True
11697119,1,9,-55.38,True
11697119,1,10,10.0,True
11697119,2,1,10.0,False
11697119,2,2,21.22,True
11697119,2,3,10.0,False
11697119,2,4,-10.0,False
11697119,2,5,10.0,False
11697119,2,6,-10.0,False
11697119,2,7,55.0,False
11697119,2,8,-45.04,False
11697119,2,9,10.0,False
11697120,1,1,54.9,False
11697120,1,2,65.98,True
11697120,1,3,23.18,False
11697120,1,4,-10.0,False
11697120,1,5,30.74,False
11697120,1,6,59.2,True
11697120,1,7,47.22,False
11697120,2,1,-54.9,False
11697120,2,2,10.0,False
11697120,2,3,-18.92,False
11697120,2,4,10.0,False
11697120,2,5,-10.0,False
11697120,2,6,-34.42,True
11697120,2,7,28.0,True
11697120,2,8,10.0,False
11697120,2,9,-48.52,False
11697120,2,10,-66.6,True
11697120,3,1,-54.9,False
11697120,3,2,19.52,False
11697120,3,3,-10.0,False
11697120,3,4,42.44,False
11697120,3,5,10.0,True
11697120,3,6,10.0,False
11697120,3,7,-10.0,False
11697120,3,8,10.0,False
11697120,3,9,-10.0,False
11697120,3,10,-56.22,True
11697120,3,11,-42.72,False
11697120,3,12,10.0,False
11697120,3,13,-10.0,False
11697121,1,1,55.0,True
11697121,1,2,11.0,False
11697121,1,3,28.1,True
11697121,1,4,10.0,False
11697121,1,5,34.84,True
11697121,1,6,62.16,False
11697121,2,1,33.1,True
11697121,2,2,37.12,False
11697121,2,3,47.72,True
11697122,1,1,-10.0,False
11697122,1,2,-51.42,True
11697122,1,3,-16.06,False
11697122,1,4,-44.1,True
11697122,1,5,10.0,True
11697122,1,6,10.0,False
11697122,1,7,59.46,True
11697122,1,8,14.22,False
11697122,1,9,-10.0,False
11697122,1,10,28.32,False
11697122,1,11,-58.18,False
11697122,1,12,-57.44,True
11697122,2,1,-10.0,False
11697122,2,2,53.32,False
11697122,2,3,-10.0,False
11697122,2,4,10.38,False
11697122,2,5,-10.0,False
11697122,2,6,-36.22,True
11697122,2,7,-63.12,False
11697122,2,8,10.0,False
11697122,2,9,-16.82,False
11697123,1,1,10.0,True
11697123,1,2,23.32,False
11697123,1,3,33.96,True
11697123,1,4,41.88,False
11697123,1,5,65.44,True
11697123,1,6,-36.38,True
11697123,1,7,33.1,True
11697123,2,1,10.0,False
11697123,2,2,-10.0,False
11697123,2,3,53.94,False
11697123,2,4,-10.0,False
11697123,2,5,10.0,False
11697123,2,6,-10.0,False
11697123,2,7,-55.96,True
11697123,2,8,-15.22,False
11697123,2,9,10.0,False
11697123,2,10,-34.5,False
11697123,3,1,-53.1,True
11697123,3,2,-41.12,False
11697123,3,3,10.0,False
11697123,3,4,-11.94,False
11697123,3,5,-34.06,True
11697123,3,6,-38.34,False
11697123,3,7,-27.92,True
11697124,1,1,25.7,False
11697124,1,2,10.0,True
11697124,1,3,32.3,False
11697124,1,4,55.86,True
11697124,1,5,47.22,False
11697124,1,6,-10.0,False
11697124,1,7,-67.0,True
11697124,1,8,60.38,True
11697124,2,1,10.0,False
11697124,2,2,-54.9,False
11697124,2,3,10.0,False
11697124,2,4,63.64,True
11697124,2,5,14.52,False
11697124,2,6,-10.0,False
11697124,2,7,10.0,False
11697124,2,8,51.26,True
11697126,1,1,10.0,False
11697126,1,2,-10.0,False
11697126,1,3,10.0,False
11697126,1,4,-10.0,False
11697126,1,5,-21.52,True
11697126,1,6,30.16,True
11697126,1,7,-69.72,True
11697126,1,8,-62.52,False
11697126,1,9,10.0,False
11697126,1,10,-59.78,False
11697126,2,1,-55.0,True
11697126,2,2,-41.5,False
11697126,2,3,-90.2,True
11697126,2,4,32.38,True
11697126,2,5,-37.1,True
11697126,2,6,59.0,True
11697126,2,7,-10.0,True
11697126,2,8,85.0,True
11697126,2,9,-41.0,True
11697152,1,1,18.0,True
11697152,1,2,39.6,False
11697152,1,3,-18.2,False
11697152,1,4,-12.6,True
11697152,1,5,44.4,True
11697152,1,6,-10.2,True
11697152,1,7,59.0,True
11697152,1,8,-24.2,True
11697152,1,9,-10.0,False
11697152,1,10,10.0,False
11697152,1,11,-10.0,False
11697152,1,12,29.0,False
11697152,1,13,10.0,False
11697152,2,1,10.0,False
11697152,2,2,10.0,True
11697152,2,3,10.0,False
11697152,2,4,-10.0,False
11697152,2,5,-55.8,True
11697152,2,6,61.2,True
11697152,2,7,-51.4,True
11697152,2,8,-25.4,False
11697152,2,9,10.0,False
11697152,2,10,30.0,True
11697216,1,1,10.0,False
11697216,1,2,-28.2,False
11697216,1,3,24.0,False
11697216,1,4,-36.0,False
11697216,1,5,-56.4,True
11697216,1,6,54.8,True
11697216,1,7,14.6,False
11697216,1,8,-10.0,False
11697216,1,9,30.4,False
11697216,1,10,-10.0,False
11697216,1,11,10.0,False
11697216,1,12,-11.6,False
11697216,1,13,-10.0,False
11697216,2,1,-11.0,False
11697216,2,2,28.8,False
11697216,2,3,-10.0,False
11697216,2,4,28.6,False
11697216,2,5,-57.8,False
11697216,2,6,21.6,False
11697216,2,7,-60.4,False
11697216,2,8,10.0,False
11697216,2,9,-41.0,False
11697216,2,10,10.0,False
11697216,2,11,-61.8,False
11697216,2,12,10.0,False
11697216,2,13,-10.0,False
11697223,1,1,10.0,False
11697223,1,2,54.6,True
11697223,1,3,-10.0,True
11697223,1,4,60.4,True
11697223,1,5,10.0,False
11697223,1,6,83.0,True
11697223,1,7,13.0,False
11697223,2,1,-10.0,False
11697223,2,2,-55.8,True
11697223,2,3,63.2,True
11697223,2,4,-51.0,True
11697223,2,5,-13.0,False
11697223,2,6,10.0,False
11697223,2,7,12.6,True
11697223,2,8,-53.4,True
11697223,2,9,-10.4,False
11697223,3,1,-55.0,True
11697223,3,2,44.0,True
11697223,3,3,-20.0,True
11697223,3,4,-10.0,False
11697223,3,5,24.2,False
11697223,3,6,-10.0,False
11697223,3,7,59.0,False
11697223,3,8,45.0,True
11697223,3,9,11.8,False
11697223,3,10,40.8,True
11697237,1,1,10.0,True
11697237,1,2,-19.0,True
11697237,1,3,-57.0,False
11697237,1,4,39.2,False
11697237,1,5,20.0,True
11697237,1,6,-10.0,True
11697237,1,7,-54.0,False
11697237,1,8,-69.8,True
11697237,1,9,-24.8,False
11697237,2,1,29.0,False
11697237,2,2,-23.2,False
11697237,2,3,10.0,False
11697237,2,4,-10.4,False
11697237,2,5,-56.4,True
11697237,2,6,-18.8,False
11697237,2,7,-87.4,True
11697237,2,8,-17.4,False
11697262,1,1,10.0,False
11697262,1,2,19.8,True
11697262,1,3,57.8,False
11697262,1,4,-10.0,False
11697262,1,5,63.6,False
11697262,1,6,-14.4,False
11697262,1,7,10.0,False
11697262,1,8,-58.0,False
11697262,1,9,10.0,False
11697262,2,1,35.0,True
11697262,2,2,-48.0,True
11697262,2,3,69.0,True
11697262,2,4,10.0,False
11697262,2,5,-10.0,False
11697262,2,6,47.8,False
11697262,2,7,42.8,True
11697262,2,8,-17.2,True
11697262,2,9,-10.0,False
11697262,2,10,-42.8,True
11697262,2,11,45.2,True
11697262,2,12,10.0,False
11697278,1,1,-17.0,True
11697278,1,2,-10.0,False
11697278,1,3,10.0,False
11697278,1,4,-13.98,False
11697278,1,5,-38.3,True
11697278,1,6,-11.34,False
11697278,1,7,10.0,False
11697278,1,8,-27.26,False
11697278,2,1,10.0,False
11697278,2,2,34.48,True
11697278,2,3,34.22,False
11697278,2,4,27.36,True
11697278,2,5,10.0,False
11697278,2,6,33.3,True
11697278,3,1,52.8,False
11697278,3,2,62.26,True
11697278,3,3,-10.0,True
11697278,3,4,26.24,True
11697278,3,5,53.18,False
11697278,3,6,-10.0,False
11697278,3,7,10.0,False
11697278,3,8,73.34,True
11697304,1,1,-75.0,True
11697304,1,2,20.0,True
11697304,1,3,10.0,False
11697304,1,4,-46.2,False
11697304,1,5,10.0,False
11697304,1,6,-15.4,False
11697304,1,7,-10.0,True
11697304,1,8,-10.0,False
11697304,1,9,-10.0,True
11697304,2,1,35.0,True
11697304,2,2,-28.0,True
11697304,2,3,-10.0,False
11697304,2,4,10.0,False
11697304,2,5,-14.2,False
11697304,2,6,-86.0,True
11697304,2,7,-44.6,False
11697304,2,8,-55.8,True
11697306,1,1,-27.1,False
11697306,1,2,21.68,False
11697306,1,3,-10.0,False
11697306,1,4,10.0,False
11697306,1,5,-53.2,False
11697306,1,6,10.0,False
11697306,1,7,-11.18,False
11697306,1,8,10.0,False
11697306,1,9,-10.0,False
11697306,1,10,-58.3,True
11697306,2,1,-10.0,False
11697306,2,2,31.06,False
11697306,2,3,-10.0,False
11697306,2,4,-29.84,True
11697306,2,5,-65.9,False
11697306,2,6,10.0,False
11697306,2,7,-15.38,False
11697306,2,8,10.0,False
11697306,2,9,-10.0,False
11697309,1,1,-35.0,True
11697309,1,2,-22.0,False
11697309,1,3,-85.0,True
11697309,1,4,-72.0,False
11697309,1,5,10.0,False
11697309,1,6,15.0,True
11697309,1,7,-45.2,True
11697309,1,8,10.0,True
11697309,1,9,10.0,False
11697309,1,10,-28.4,False
11697309,2,1,-10.0,True
11697309,2,2,10.0,True
11697309,2,3,-75.0,True
11697309,2,4,-24.0,False
11697309,2,5,37.0,False
11697309,2,6,-10.0,False
11697309,2,7,-25.0,True
11697309,2,8,-11.8,False
11697316,1,1,10.0,False
11697316,1,2,-54.88,False
11697316,1,3,-37.12,True
11697316,1,4,40.32,True
11697316,1,5,59.88,False
11697316,1,6,41.56,True
11697316,1,7,43.16,False
11697316,1,8,-18.88,False
11697316,1,9,-36.3,True
11697316,1,10,-41.46,False
11697316,1,11,10.0,False
11697316,1,12,50.2,True
11697316,2,1,10.0,False
11697316,2,2,76.9,True
11697316,2,3,-10.0,True
11697316,2,4,-49.24,False
11697316,2,5,43.76,False
11697316,2,6,-10.0,False
11697316,2,7,10.0,False
11697316,2,8,-10.0,False
11697316,2,9,10.0,False
11697316,2,10,21.86,True
11698042,1,1,-10.0,False
11698042,1,2,-36.96,True
11698042,1,3,-36.42,False
11698042,1,4,-49.26,True
11698042,1,5,-41.46,False
11698042,1,6,10.0,False
11698042,1,7,16.56,True
11698042,1,8,58.68,False
11698042,1,9,-38.64,False
11698042,2,1,28.5,False
11698042,2,2,61.8,True
11698042,2,3,10.0,False
11698042,2,4,-22.84,False
11698042,2,5,-67.36,True
11698042,2,6,-21.92,False
11698042,2,7,-33.82,True
11698042,2,8,-10.0,False
11698042,2,9,24.16,False
11698042,2,10,-10.0,False
11698055,1,1,-29.0,False
11698055,1,2,10.0,False
11698055,1,3,-10.0,False
11698055,1,4,10.0,False
11698055,1,5,10.0,True
11698055,1,6,-76.4,True
11698055,1,7,-41.6,False
11698055,1,8,10.0,False
11698055,1,9,51.0,True
11698055,1,10,-10.0,True
11698055,1,11,62.4,True
11698055,1,12,-47.6,True
11698055,1,13,-10.0,False
11698055,2,1,-55.0,True
11698055,2,2,-40.0,False
11698055,2,3,37.2,False
11698055,2,4,40.0,True
11698055,2,5,-17.2,True
11698055,2,6,-36.0,False
11698055,2,7,10.0,False
11698055,2,8,-36.2,False
11698055,2,9,23.2,False
11698055,2,10,16.0,True
11698055,2,11,13.0,False
11698055,2,12,-57.0,False
11698055,2,13,10.0,False
11698055,3,1,-29.0,False
11698055,3,2,-60.8,True
11698055,3,3,-45.8,False
11698055,3,4,-91.8,True
11698055,3,5,-56.8,False
11698055,3,6,-25.2,True
11698379,1,1,27.1,False
11698379,1,2,-52.98,False
11698379,1,3,10.0,False
11698379,1,4,-12.8,False
11698379,1,5,-34.2,True
11698379,1,6,-34.22,False
11698379,1,7,-33.56,True
11698379,1,8,-11.08,False
11698379,2,1,10.0,False
11698379,2,2,55.24,True
11698379,2,3,10.0,False
11698379,2,4,-11.16,False
11698379,2,5,20.42,False
11698379,2,6,-10.0,False
11698379,2,7,10.0,False
11698379,2,8,-31.2,False
11698379,2,9,10.0,False
11698379,3,1,-52.8,False
11698379,3,2,42.24,False
11698379,3,3,-10.0,False
11698379,3,4,-26.22,True
11698379,3,5,45.7,True
11698379,3,6,56.3,False
11698379,3,7,-10.0,False
11698379,3,8,-49.9,True
11698379,3,9,-42.76,False
11698395,1,1,54.9,False
11698395,1,2,44.08,True
11698395,1,3,-57.4,True
11698395,1,4,-63.28,False
11698395,1,5,-80.98,True
11698395,1,6,-29.88,False
11698395,1,7,10.0,False
11698395,1,8,28.94,True
11698395,1,9,-50.16,True
11698395,1,10,-35.08,False
11698395,2,1,54.9,False
11698395,2,2,-10.0,False
11698395,2,3,-45.88,True
11698395,2,4,10.0,True
11698395,2,5,18.32,False
11698395,2,6,13.76,True
11698395,2,7,10.0,False
11698395,2,8,-29.46,False
11698395,2,9,10.0,False
11698395,3,1,-30.5,False
11698395,3,2,-41.1,True
11698395,3,3,-26.0,False
11698395,3,4,10.0,False
11698395,3,5,-31.86,False
11698395,3,6,-57.98,True
11698395,3,7,38.28,True
11698395,3,8,-54.62,True
11698397,1,1,-20.0,True
11698397,1,2,-10.1,False
11698397,1,3,25.28,False
11698397,1,4,-25.62,False
11698397,1,5,-35.0,True
11698397,1,6,-13.2,False
11698397,1,7,23.48,False
11698397,1,8,-19.62,False
11698397,2,1,-10.0,True
11698397,2,2,-10.0,False
11698397,2,3,10.0,False
11698397,2,4,-30.5,False
11698397,2,5,-33.18,True
11698397,2,6,-42.26,False
11698397,2,7,18.74,False
11698397,2,8,-10.0,False
11698398,1,1,33.1,True
11698398,1,2,37.12,False
11698398,1,3,10.0,True
11698398,1,4,-29.76,True
11698398,1,5,-15.48,False
11698398,1,6,10.0,False
11698398,1,7,74.04,True
11698398,1,8,21.36,False
11698398,2,1,-10.0,False
11698398,2,2,-35.22,True
11698398,2,3,10.0,True
11698398,2,4,10.0,False
11698398,2,5,-10.0,False
11698398,2,6,-36.84,True
11698398,2,7,26.78,True
11698398,2,8,-75.0,True
11698398,2,9,-10.0,False
11698398,3,1,-31.2,True
11698398,3,2,-36.74,False
11698398,3,3,10.0,False
11698398,3,4,10.0,True
11698398,3,5,-21.06,True
11698398,3,6,-60.52,False
11698398,3,7,-47.7,True
11698398,3,8,-23.7,False
11698399,1,1,10.0,False
11698399,1,2,-13.86,False
11698399,1,3,10.0,False
11698399,1,4,-10.0,False
11698399,1,5,10.0,False
11698399,1,6,-10.0,False
11698399,1,7,-80.46,True
11698399,1,8,-21.72,False
11698399,1,9,-71.22,True
11698399,2,1,55.0,True
11698399,2,2,41.5,False
11698399,2,3,-10.0,False
11698399,2,4,-68.36,True
11698399,2,5,-70.88,False
11698399,2,6,-37.5,True
11698399,2,7,10.0,True
11698399,2,8,14.52,False
11698399,2,9,-19.02,False
11698399,2,10,-57.54,True
11698400,1,1,-10.0,False
11698400,1,2,24.48,False
11698400,1,3,-10.0,False
11698400,1,4,-70.48,True
11698400,1,5,-46.12,False
11698400,1,6,10.0,False
11698400,1,7,-10.0,False
11698400,1,8,-32.48,True
11698400,2,1,55.0,True
11698400,2,2,11.0,False
11698400,2,3,31.0,True
11698400,2,4,-51.0,True
11698400,2,5,48.0,True
11698400,2,6,-10.0,True
11698400,2,7,-21.5,False
11698400,2,8,-11.2,True
11698400,2,9,-12.82,False
11698400,2,10,10.0,False
11698400,2,11,-10.52,False
11698400,2,12,35.44,False
11698400,2,13,-10.0,False
11698401,1,1,-54.9,False
11698401,1,2,-44.08,True
11698401,1,3,-48.1,False
11698401,1,4,10.0,False
11698401,1,5,-59.78,False
11698401,1,6,10.0,False
11698401,1,7,-13.26,False
11698401,1,8,-10.0,True
11698401,2,1,-44.1,False
11698401,2,2,52.88,False
11698401,2,3,-22.18,False
11698401,2,4,37.7,False
11698401,2,5,-10.0,False
11698401,2,6,59.64,False
11698401,2,7,59.82,True
11698401,2,8,-53.98,True
11698401,2,9,-11.06,False
11698401,2,10,-71.22,True
11698402,1,1,-10.0,False
11698402,1,2,53.68,False
11698402,1,3,10.0,True
11698402,1,4,11.7,False
11698402,1,5,-34.66,False
11698402,1,6,-79.88,True
11698402,1,7,-76.0,False
11698402,1,8,10.0,False
11698402,1,9,42.12,True
11698402,1,10,65.52,False
11698402,2,1,-10.0,False
11698402,2,2,61.44,False
11698402,2,3,45.18,True
11698402,2,4,25.06,False
11698402,2,5,42.84,True
11698402,2,6,38.72,False
11698402,2,7,-10.0,False
11698402,2,8,11.94,False
11698403,1,1,-10.0,False
11698403,1,2,26.56,False
11698403,1,3,32.66,True
11698403,1,4,-22.12,True
11698403,1,5,-29.44,False
11698403,1,6,41.28,False
11698403,1,7,39.34,True
11698403,1,8,20.0,False
11698403,1,9,61.44,True
11698403,2,1,53.7,False
11698403,2,2,62.84,True
11698403,2,3,49.66,False
11698403,2,4,52.42,True
11698403,2,5,29.06,False
11698403,2,6,64.58,True
11698476,1,1,-55.0,True
11698476,1,2,64.0,True
11698476,1,3,58.0,False
11698476,1,4,-10.0,False
11698476,1,5,14.2,False
11698476,1,6,-10.0,False
11698476,1,7,-53.8,True
11698476,1,8,-16.2,False
11698476,1,9,17.6,False
11698476,1,10,-49.0,False
11698476,2,1,61.0,False
11698476,2,2,-16.8,False
11698476,2,3,35.4,False
11698476,2,4,30.0,True
11698476,2,5,-20.2,True
11698476,2,6,-10.0,False
11698476,2,7,10.0,False
11698476,2,8,-28.8,False
11698476,2,9,-76.0,True
11698476,2,10,-24.0,False
11698477,1,1,-10.0,True
11698477,1,2,32.92,True
11698477,1,3,10.0,False
11698477,1,4,62.76,True
11698477,1,5,-45.08,True
11698477,1,6,75.9,True
11698477,1,7,-17.64,True
11698477,1,8,-10.0,False
11698477,1,9,-41.28,True
11698477,1,10,-61.62,False
11698477,2,1,28.5,False
11698477,2,2,-10.0,False
11698477,2,3,59.2,False
11698477,2,4,-17.96,False
11698477,2,5,-16.56,True
11698477,2,6,-38.52,False
11698477,2,7,-31.62,True
11698477,2,8,-13.32,False
11698544,1,1,-54.0,False
11698544,1,2,10.0,False
11698544,1,3,-39.0,False
11698544,1,4,24.0,False
11698544,1,5,-36.0,False
11698544,1,6,-56.4,True
11698544,1,7,-47.2,False
11698544,1,8,-19.8,True
11698544,2,1,-54.0,False
11698544,2,2,10.0,False
11698544,2,3,-35.4,False
11698544,2,4,10.0,False
11698544,2,5,-19.0,False
11698544,2,6,10.0,False
11698544,2,7,10.0,True
11698544,2,8,10.0,False
11698544,2,9,31.8,True
11698544,3,1,-10.0,True
11698544,3,2,-54.6,False
11698544,3,3,-64.4,True
11698544,3,4,-50.4,False
11698544,3,5,10.0,False
11698544,3,6,-10.0,False
11698544,3,7,29.0,False
11698544,3,8,-10.0,False
11698550,1,1,-35.0,True
11698550,1,2,-11.0,False
11698550,1,3,46.2,False
11698550,1,4,-10.0,False
11698550,1,5,11.4,False
11698550,1,6,-30.0,False
11698550,1,7,10.0,False
11698550,1,8,-36.0,False
11698550,1,9,-15.4,True
11698550,2,1,-29.0,False
11698550,2,2,-60.8,True
11698550,2,3,38.2,True
11698550,2,4,61.0,False
11698550,2,5,-10.0,False
11698550,2,6,14.0,False
11698550,2,7,-55.4,False
11698550,2,8,19.0,False
11698550,2,9,-59.0,False
11698550,2,10,10.0,False
11698550,2,11,44.0,True
11698550,2,12,64.8,False
11698550,3,1,-10.0,False
11698550,3,2,10.0,False
11698550,3,3,-10.0,False
11698550,3,4,10.0,False
11698550,3,5,-53.2,False
11698550,3,6,19.0,False
11698550,3,7,-14.0,False
11698550,3,8,-10.0,True
11698550,3,9,-15.4,False
11698683,1,1,-26.7,False
11698683,1,2,47.46,False
11698683,1,3,41.32,True
11698683,1,4,70.58,False
11698683,1,5,93.68,True
11698683,1,6,52.84,False
11698683,1,7,56.7,True
11698683,2,1,10.0,False
11698683,2,2,-10.0,False
11698683,2,3,27.1,False
11698683,2,4,26.44,True
11698683,2,5,36.78,False
11698683,2,6,-10.0,False
11698683,2,7,10.0,False
11698683,2,8,-10.0,False
11698683,2,9,27.1,False
11698735,1,1,-55.0,True
11698735,1,2,-40.0,False
11698735,1,3,-91.8,True
11698735,1,4,-74.8,False
11698735,1,5,-100.0,True
11698735,1,6,-79.8,False
11698735,2,1,-55.0,True
11698749,1,1,-35.0,True
11698749,1,2,10.0,True
11698749,1,3,-82.4,True
11698749,1,4,-19.4,False
11698749,1,5,10.0,False
11698749,1,6,71.0,True
11698749,1,7,-40.0,True
11698749,1,8,-10.0,False
11698749,1,9,-84.2,True
11698749,2,1,10.0,True
11698749,2,2,-54.4,True
11698749,2,3,-71.4,False
11698749,2,4,10.0,False
11698749,2,5,-16.8,False
11698749,2,6,-56.4,True
11698749,2,7,-42.8,False
11698749,2,8,10.0,False
11698749,2,9,-34.4,False
11698757,1,1,56.1,True
11698757,1,2,14.52,False
11698757,1,3,-41.82,False
11698757,1,4,43.62,False
11698757,1,5,-28.5,False
11698757,1,6,10.0,False
11698757,1,7,10.0,True
11698757,1,8,22.3,False
11698757,2,1,-10.0,False
11698757,2,2,-34.96,True
11698757,2,3,-10.82,False
11698757,2,4,10.0,False
11698757,2,5,36.3,True
11698757,2,6,36.42,False
11698757,2,7,-10.0,False
11698757,2,8,10.0,False
11698757,2,9,-10.0,False
11698757,2,10,-57.7,True
11698757,3,1,-10.0,False
11698757,3,2,10.0,False
11698757,3,3,14.82,True
11698757,3,4,55.76,False
11698757,3,5,-10.0,False
11698757,3,6,-26.22,True
11698757,3,7,-26.02,False
11698757,3,8,10.0,False
11698757,3,9,52.42,True
11698757,3,10,-10.0,True
11698757,3,11,26.5,True
11698757,3,12,53.7,False
11698861,1,1,-54.0,False
11698861,1,2,10.0,False
11698861,1,3,19.0,True
11698861,1,4,10.0,False
11698861,1,5,-10.0,False
11698861,1,6,59.4,False
11698861,1,7,-18.4,False
11698861,1,8,-26.6,True
11698861,1,9,-66.4,False
11698861,1,10,-50.4,True
11698861,2,1,-10.0,False
11698861,2,2,60.2,False
11698861,2,3,-10.0,False
11698861,2,4,-43.6,True
11698861,2,5,-65.8,False
11698861,2,6,10.0,False
11698861,2,7,10.0,True
11698861,2,8,33.0,False
11698861,2,9,-19.2,False
11698861,2,10,-10.0,True
11699097,1,1,-33.0,True
11699097,1,2,10.0,True
11699097,1,3,-31.0,True
11699097,1,4,10.0,True
11699097,1,5,10.0,False
11699097,1,6,-27.2,False
11699097,1,7,10.0,False
11699097,1,8,-10.8,False
11699097,1,9,10.0,False
11699097,1,10,35.0,True
11699097,2,1,-20.0,True
11699097,2,2,-33.0,False
11699097,2,3,-64.8,True
11699097,2,4,18.2,True
11699097,2,5,10.0,False
11699097,2,6,-10.0,False
11699097,2,7,54.0,False
11699097,2,8,43.0,True
11699097,2,9,46.4,False
11699097,2,10,-10.0,False
11699097,2,11,-48.0,True
11699097,2,12,23.6,True
11699097,2,13,10.0,False
11699098,1,1,-20.2,False
11699098,1,2,19.66,False
11699098,1,3,25.7,True
11699098,1,4,-29.56,True
11699098,1,5,36.44,True
11699098,1,6,-78.3,True
11699098,1,7,70.5,True
11699098,1,8,10.0,False
11699098,1,9,-37.1,False
11699098,1,10,10.0,False
11699098,2,1,-51.0,False
11699098,2,2,40.8,False
11699098,2,3,25.0,True
11699098,2,4,-22.0,True
11699098,2,5,-26.14,False
11699098,2,6,10.0,False
11699098,2,7,-15.72,False
11699098,2,8,10.0,False
11699098,2,9,-25.14,False
11699098,2,10,18.24,False
11699098,2,11,10.0,True
11699098,2,12,-32.84,True
11699098,2,13,10.0,False
11699099,1,1,10.0,False
11699099,1,2,-19.22,False
11699099,1,3,10.0,False
11699099,1,4,-27.32,False
11699099,1,5,10.0,False
11699099,1,6,-30.3,False
11699099,1,7,-10.0,True
11699099,1,8,-29.16,False
11699099,1,9,18.66,False
11699099,1,10,-18.6,False
11699099,2,1,27.7,False
11699099,2,2,-10.0,False
11699099,2,3,-10.0,True
11699099,2,4,-19.84,False
11699099,2,5,-35.72,True
11699099,2,6,27.24,True
11699099,2,7,10.0,False
11699099,2,8,-32.16,False
11699099,2,9,10.0,False
11699099,2,10,-70.12,False
11699101,1,1,55.0,False
11699101,1,2,-10.0,False
11699101,1,3,10.0,False
11699101,1,4,-58.62,False
11699101,1,5,-50.22,True
11699101,1,6,-69.86,False
11699101,1,7,10.0,False
11699101,1,8,-35.08,False
11699101,1,9,-41.82,True
11699101,2,1,-27.7,False
11699101,2,2,-41.04,True
11699101,2,3,-40.34,False
11699101,2,4,10.0,False
11699101,2,5,-10.8,False
11699101,2,6,-10.0,True
11699101,2,7,-53.1,False
11699102,1,1,27.7,False
11699102,1,2,-45.46,False
11699102,1,3,19.04,False
11699102,1,4,33.84,True
11699102,1,5,10.0,False
11699102,1,6,-14.26,False
11699102,1,7,-61.7,True
11699102,1,8,23.68,True
11699102,1,9,51.52,False
11699102,2,1,10.7,True
11699102,2,2,25.84,False
11699102,2,3,65.68,True
11699102,2,4,-42.3,True
11699102,2,5,58.8,True
11699102,2,6,55.0,False
11699102,2,7,62.06,True
11699103,1,1,-58.8,True
11699103,1,2,-39.46,False
11699103,1,3,-56.6,True
11699103,1,4,-37.1,False
11699103,1,5,-78.9,True
11699103,1,6,-25.1,False
11699103,2,1,23.7,False
11699103,2,2,-10.0,False
11699103,2,3,10.0,False
11699103,2,4,54.26,True
11699103,2,5,-70.36,True
11699103,2,6,-54.9,False
11699103,2,7,-65.16,True
11699103,2,8,-69.06,False
11699103,2,9,-43.06,True
11699104,1,1,-51.0,False
11699104,1,2,-66.9,True
11699104,1,3,-45.24,False
11699104,1,4,-72.78,True
11699104,1,5,-24.88,False
11699104,1,6,-66.0,True
11699104,2,1,-13.9,False
11699104,2,2,-61.58,True
11699104,2,3,-33.04,False
11699104,2,4,-52.66,True
11699104,2,5,-38.84,False
11699104,2,6,10.0,False
11699104,2,7,-10.0,False
11699106,1,1,39.3,True
11699106,1,2,10.0,False
11699106,1,3,-14.64,False
11699106,1,4,10.0,False
11699106,1,5,-46.08,False
11699106,1,6,-53.96,True
11699106,1,7,-65.76,False
11699106,1,8,10.0,False
11699106,1,9,-61.92,False
11699106,1,10,-85.02,True
11699106,2,1,-44.4,False
11699106,2,2,-71.78,True
11699106,2,3,17.84,True
11699106,2,4,10.0,False
11699106,2,5,-46.16,False
11699106,2,6,10.0,False
11699106,2,7,-63.98,False
11699106,2,8,-52.28,True
11699106,2,9,40.74,True
11699106,2,10,54.9,False
11699106,2,11,-10.0,False
11699106,2,12,10.0,False
11699106,2,13,10.0,False
11699107,1,1,10.0,False
11699107,1,2,-11.02,False
11699107,1,3,10.0,False
11699107,1,4,-16.04,False
11699107,1,5,-59.8,True
11699107,1,6,23.4,True
11699107,1,7,19.8,False
11699107,1,8,-11.44,False
11699107,1,9,51.0,False
11699107,1,10,-18.24,False
11699107,1,11,56.46,False
11699107,1,12,-10.0,False
11699107,1,13,10.0,False
11699107,2,1,10.0,True
11699107,2,2,10.0,False
11699107,2,3,71.6,True
11699107,2,4,10.24,False
11699107,2,5,-36.44,False
11699107,2,6,12.4,False
11699107,2,7,33.84,True
11699110,1,1,23.7,False
11699110,1,2,80.94,True
11699110,1,3,10.0,False
11699110,1,4,-15.72,False
11699110,1,5,10.0,False
11699110,1,6,10.0,True
11699110,1,7,10.0,False
11699110,2,1,25.0,True
11699110,2,2,10.0,False
11699110,2,3,36.44,True
11699110,2,4,18.5,False
11699110,2,5,-43.44,False
11699110,2,6,-44.9,True
11699110,2,7,-32.42,False
11699110,2,8,13.4,False
11699110,2,9,-10.0,False
11699110,2,10,10.0,False
11699111,1,1,-17.4,False
11699111,1,2,51.52,False
11699111,1,3,-10.0,False
11699111,1,4,10.0,False
11699111,1,5,10.0,True
11699111,1,6,29.34,False
11699111,1,7,44.94,True
11699111,1,8,64.06,False
11699111,2,1,-36.4,False
11699111,2,2,10.0,False
11699111,2,3,-16.8,False
11699111,2,4,24.02,False
11699111,2,5,40.74,True
11699111,2,6,71.74,False
11699111,2,7,-10.0,False
11699111,2,8,36.08,False
11699111,2,9,-10.0,False
11699111,2,10,55.58,False
11699113,1,1,-16.3,False
11699113,1,2,10.0,False
11699113,1,3,-10.0,False
11699113,1,4,10.0,False
11699113,1,5,10.0,True
11699113,1,6,10.0,False
11699113,1,7,-53.14,False
11699113,1,8,10.0,False
11699113,1,9,-35.66,False
11699113,1,10,17.2,False
11699113,2,1,39.3,True
11699113,2,2,-10.0,True
11699113,2,3,62.42,True
11699113,2,4,60.2,False
11699113,2,5,-10.0,False
11699113,2,6,-27.72,True
11699113,2,7,-19.26,False
11699113,2,8,10.0,False
11699113,2,9,-10.0,False
11699113,2,10,49.56,False
11699113,2,11,-10.0,False
11699113,2,12,31.12,False
11699113,2,13,10.0,False
11699153,1,1,-10.0,False
11699153,1,2,-26.26,True
11699153,1,3,-10.42,False
11699153,1,4,10.0,False
11699153,1,5,75.28,True
11699153,1,6,39.44,False
11699153,1,7,62.04,True
11699153,1,8,16.14,False
11699153,1,9,-46.74,False
11699153,1,10,-88.06,True
11699153,1,11,12.88,True
11699153,1,12,17.6,False
11699153,2,1,-10.0,False
11699153,2,2,10.0,False
11699153,2,3,-34.06,False
11699153,2,4,-44.54,True
11699153,2,5,46.36,True
11699153,2,6,10.0,False
11699153,2,7,52.34,True
11699153,2,8,-18.76,True
11699153,2,9,-22.06,False
11699153,2,10,10.0,False
11699153,2,11,21.5,True
11699153,2,12,29.5,False
11699155,1,1,-41.5,True
11699155,1,2,-10.0,False
11699155,1,3,-88.04,True
11699155,1,4,-36.74,False
11699155,1,5,-80.52,True
11699155,1,6,-41.42,False
11699155,2,1,10.0,False
11699155,2,2,-26.46,False
11699155,2,3,-47.8,True
11699155,2,4,-30.14,False
11699155,2,5,-51.16,True
11699155,2,6,-21.66,False
11699155,2,7,-89.48,True
11699157,1,1,-60.5,True
11699157,1,2,-19.7,False
11699157,1,3,10.0,False
11699157,1,4,24.0,True
11699157,1,5,-10.82,True
11699157,1,6,30.54,True
11699157,1,7,-34.76,True
11699157,1,8,39.56,True
11699157,1,9,-78.7,True
11699157,1,10,-36.8,False
11699157,2,1,-58.5,True
11699157,2,2,-28.5,False
11699157,2,3,10.0,False
11699157,2,4,-10.0,False
11699157,2,5,10.0,False
11699157,2,6,-22.3,False
11699157,2,7,10.0,False
11699157,2,8,34.32,True
11699157,2,9,-34.86,True
11699157,2,10,-18.0,False
11699158,1,1,32.4,True
11699158,1,2,-23.92,True
11699158,1,3,-54.8,False
11699158,1,4,10.0,False
11699158,1,5,-20.76,False
11699158,1,6,-35.48,True
11699158,1,7,-10.58,False
11699158,1,8,-80.3,True
11699158,2,1,71.2,True
11699158,2,2,-10.0,True
11699158,2,3,66.76,True
11699158,2,4,-22.12,True
11699158,2,5,56.88,True
11699158,2,6,-37.52,True
11699158,2,7,-10.0,False
11699158,2,8,-42.04,True
11699158,2,9,-48.0,False
11699159,1,1,10.0,False
11699159,1,2,-54.92,False
11699159,1,3,10.0,False
11699159,1,4,22.68,True
11699159,1,5,10.0,False
11699159,1,6,-10.0,False
11699159,1,7,11.22,False
11699159,1,8,-54.12,False
11699159,1,9,32.32,False
11699159,2,1,50.8,True
11699159,2,2,10.56,False
11699159,2,3,81.44,True
11699159,2,4,-56.88,True
11699159,2,5,-10.0,False
11699159,2,6,-68.32,True
11699159,2,7,20.56,True
11699159,2,8,-35.68,True
11699159,2,9,15.06,True
11699159,2,10,51.86,False
11699160,1,1,10.0,False
11699160,1,2,37.58,True
11699160,1,3,10.0,False
11699160,1,4,-13.24,False
11699160,1,5,-29.26,True
11699160,1,6,26.72,True
11699160,1,7,53.94,False
11699160,1,8,-10.0,False
11699160,1,9,10.0,False
11699160,2,1,77.5,True
11699160,2,2,-26.0,True
11699160,2,3,65.7,True
11699160,2,4,-76.1,True
11699160,2,5,21.6,True
11699160,2,6,10.0,False
11699160,2,7,44.42,True
11699160,2,8,40.86,False
11699161,1,1,10.0,True
11699161,1,2,10.0,False
11699161,1,3,-60.1,False
11699161,1,4,10.0,False
11699161,1,5,-41.84,False
11699161,1,6,10.0,False
11699161,1,7,-58.4,False
11699161,1,8,-71.78,True
11699161,1,9,-74.02,False
11699161,1,10,10.0,False
11699161,1,11,-15.68,False
11699161,1,12,10.0,False
11699161,1,13,-10.0,False
11699161,2,1,-23.8,True
11699161,2,2,-29.96,False
11699161,2,3,-89.3,True
11699161,2,4,-45.04,False
11699161,2,5,-58.22,True
11699161,2,6,-13.52,False
11699162,1,1,10.0,False
11699162,1,2,10.0,False
11699162,1,3,24.46,True
11699162,1,4,10.0,False
11699162,1,5,46.82,True
11699162,1,6,10.0,False
11699162,2,1,79.5,True
11699162,2,2,14.7,False
11699162,2,3,57.16,True
11699162,2,4,59.66,False
11699162,2,5,98.12,True
11699162,2,6,25.02,False
11699163,1,1,75.5,True
11699163,1,2,-26.4,True
11699163,1,3,-10.0,False
11699163,1,4,10.0,False
11699163,1,5,-26.72,False
11699163,1,6,26.88,False
11699163,1,7,-50.0,False
11699163,1,8,10.0,False
11699163,1,9,47.62,True
11699163,1,10,-16.26,True
11699163,1,11,-38.06,False
11699163,1,12,-55.66,True
11699163,2,1,-10.0,False
11699163,2,2,-43.02,True
11699163,2,3,31.68,True
11699163,2,4,25.2,False
11699163,2,5,37.44,True
11699163,2,6,-15.94,True
11699163,2,7,-17.14,False
11699163,2,8,16.68,False
11699163,2,9,27.48,True
11699163,2,10,-10.0,True
11699163,2,11,-50.76,False
11699163,2,12,10.0,False
11699163,2,13,-10.0,False
11699164,1,1,10.0,False
11699164,1,2,-10.0,False
11699164,1,3,-28.76,True
11699164,1,4,-16.98,False
11699164,1,5,-87.04,True
11699164,1,6,-28.28,False
11699164,1,7,-95.48,True
11699164,2,1,25.8,True
11699164,2,2,-72.34,True
11699164,2,3,-35.54,False
11699164,2,4,-81.04,True
11699164,2,5,-76.74,False
11699164,2,6,-100.0,True
11699164,2,7,-47.92,False
11699165,1,1,-41.5,True
11699165,1,2,-36.4,False
11699165,1,3,-38.02,True
11699165,1,4,-30.54,False
11699165,1,5,16.36,False
11699165,1,6,-50.58,False
11699165,1,7,-27.38,True
11699165,2,1,-24.1,False
11699165,2,2,20.38,False
11699165,2,3,10.0,True
11699165,2,4,-35.82,True
11699165,2,5,-62.22,False
11699165,2,6,-57.38,True
11699165,2,7,61.28,True
11699165,2,8,10.0,False
11699165,2,9,-10.0,False
11699165,2,10,10.0,False
11699165,2,11,-31.52,False
11699165,2,12,-10.0,True
11699166,1,1,58.5,True
11699166,1,2,67.3,False
11699166,1,3,83.32,True
11699166,1,4,74.82,False
11699166,1,5,-10.0,False
11699166,1,6,-36.38,True
11699166,1,7,47.0,True
11699166,1,8,-36.0,True
11699166,1,9,27.94,True
11699166,2,1,10.0,False
11699166,2,2,37.12,True
11699166,2,3,29.12,False
11699166,2,4,71.84,True
11699166,2,5,41.94,False
11699166,2,6,58.24,True
11699168,1,1,10.0,False
11699168,1,2,-10.0,False
11699168,1,3,10.0,False
11699168,1,4,-10.0,False
11699168,1,5,-27.3,True
11699168,1,6,-37.3,False
11699168,1,7,-87.04,True
11699168,1,8,-27.78,False
11699168,2,1,-39.5,True
11699168,2,2,-15.5,False
11699168,2,3,-19.52,True
11699168,2,4,37.96,True
11699168,2,5,10.0,False
11699168,2,6,-15.14,False
11699168,2,7,10.0,False
11699168,2,8,-18.96,False
11699168,2,9,10.0,False
11699168,2,10,-53.12,False
11699173,1,1,10.0,False
11699173,1,2,54.8,True
11699173,1,3,-44.2,True
11699173,1,4,20.0,True
11699173,1,5,10.0,False
11699173,1,6,-10.0,False
11699173,1,7,-56.4,True
11699173,1,8,43.2,True
11699173,1,9,10.0,False
11699173,2,1,-15.0,False
11699173,2,2,26.0,False
11699173,2,3,-10.0,False
11699173,2,4,10.0,False
11699173,2,5,-12.0,False
11699173,2,6,-42.4,True
11699173,2,7,-10.0,False
11699173,2,8,10.0,False
11699173,2,9,-54.6,False
11699173,3,1,54.0,False
11699173,3,2,28.8,True
11699173,3,3,-10.0,True
11699173,3,4,10.0,True
11699173,3,5,10.0,False
11699173,3,6,76.8,True
11699173,3,7,-39.2,True
11699173,3,8,-25.0,False
11699173,3,9,-51.8,True
11699173,3,10,-41.8,False
11699173,3,11,-67.8,True
11699173,3,12,10.0,True
11699173,3,13,-10.0,False
11699185,1,1,-75.0,True
11699185,1,2,-44.0,False
11699185,1,3,-93.8,True
11699185,1,4,-49.4,False
11699185,1,5,-37.4,True
11699185,1,6,10.8,True
11699185,1,7,-54.4,True
11699185,2,1,35.0,True
11699185,2,2,-68.0,True
11699185,2,3,-12.0,False
11699185,2,4,-50.8,True
11699185,2,5,47.2,True
11699185,2,6,-16.0,True
11699185,2,7,42.0,True
11699185,2,8,-72.0,True
11699185,2,9,27.0,True
11699185,2,10,-83.0,True
11699186,1,1,-31.0,True
11699186,1,2,26.8,True
11699186,1,3,29.4,False
11699186,1,4,-10.0,False
11699186,1,5,10.0,False
11699186,1,6,-10.8,False
11699186,1,7,10.0,False
11699186,1,8,-29.8,False
11699186,1,9,-21.0,True
11699186,1,10,21.0,True
11699186,1,11,10.0,False
11699186,1,12,-10.0,False
11699186,1,13,-10.0,False
11699186,2,1,18.0,True
11699186,2,2,10.0,False
11699186,2,3,10.0,True
11699186,2,4,10.0,False
11699186,2,5,27.8,True
11699186,2,6,-19.0,True
11699186,2,7,57.0,True
11699186,3,1,29.0,False
11699186,3,2,-23.2,False
11699186,3,3,-10.0,True
11699186,3,4,29.2,True
11699186,3,5,10.0,False
11699186,3,6,-10.0,False
11699186,3,7,10.0,False
11699186,3,8,30.0,True
11699186,3,9,10.0,False
11699187,1,1,-30.0,True
11699187,1,2,49.0,True
11699187,1,3,-22.0,True
11699187,1,4,10.6,True
11699187,1,5,-37.4,True
11699187,1,6,-59.6,False
11699187,1,7,-52.4,True
11699187,1,8,37.2,True
11699187,1,9,10.0,False
11699187,1,10,-18.2,False
11699187,2,1,10.0,False
11699187,2,2,-31.8,False
11699187,2,3,10.0,False
11699187,2,4,48.6,True
11699187,2,5,-10.0,True
11699187,2,6,-10.0,False
11699187,2,7,19.0,False
11699187,2,8,38.4,True
11699187,2,9,35.8,False
11699187,3,1,35.0,True
11699187,3,2,43.0,False
11699187,3,3,10.0,True
11699187,3,4,10.0,False
11699187,3,5,17.6,True
11699187,3,6,28.0,False
11699188,1,1,-11.0,False
11699188,1,2,-73.2,True
11699188,1,3,38.6,True
11699188,1,4,-34.2,True
11699188,1,5,-10.0,False
11699188,1,6,-25.0,True
11699188,1,7,-11.4,False
11699188,2,1,54.0,False
11699188,2,2,-18.2,False
11699188,2,3,-22.0,True
11699188,2,4,23.8,True
11699188,2,5,-14.4,True
11699188,2,6,-10.0,False
11699188,2,7,25.0,False
11699188,2,8,23.0,True
11699188,2,9,13.4,False
11699188,2,10,39.4,True
11699188,3,1,-33.0,True
11699188,3,2,-35.6,False
11699188,3,3,-87.4,True
11699188,3,4,-40.8,False
11699188,3,5,10.0,False
11699188,3,6,-27.2,False
11699188,3,7,-57.0,True
11699189,1,1,29.0,False
11699189,1,2,-48.2,False
11699189,1,3,10.0,False
11699189,1,4,-12.6,False
11699189,1,5,10.0,False
11699189,1,6,-29.0,False
11699189,1,7,10.0,False
11699189,1,8,28.0,True
11699189,1,9,36.4,False
11699189,2,1,18.0,True
11699189,2,2,32.6,False
11699189,2,3,61.4,True
11699189,2,4,11.2,False
11699189,2,5,-44.6,False
11699189,2,6,10.0,False
11699189,2,7,-40.0,False
11699189,2,8,23.0,False
11699190,1,1,-29.0,False
11699190,1,2,48.2,False
11699190,1,3,23.0,True
11699190,1,4,43.4,False
11699190,1,5,-44.6,False
11699190,1,6,-40.0,True
11699190,1,7,57.2,True
11699190,1,8,10.0,False
11699190,1,9,10.0,True
11699190,2,1,54.0,False
11699190,2,2,30.8,True
11699190,2,3,18.8,False
11699190,2,4,24.8,True
11699190,2,5,10.0,False
11699190,2,6,21.8,True
11699191,1,1,55.0,True
11699191,1,2,72.0,False
11699191,1,3,58.2,True
11699191,1,4,48.2,False
11699191,1,5,65.8,True
11699191,1,6,70.4,False
11699191,2,1,75.0,True
11699191,2,2,76.0,False
11699191,2,3,78.2,True
11699191,2,4,26.4,False
11699191,2,5,86.0,True
11699191,2,6,69.8,False
11699192,1,1,-10.0,False
11699192,1,2,-74.56,True
11699192,1,3,-16.44,False
11699192,1,4,-32.58,True
11699192,1,5,-27.32,False
11699192,1,6,-18.04,True
11699192,2,1,34.3,True
11699192,2,2,-47.24,True
11699192,2,3,-27.56,False
11699192,2,4,-35.14,True
11699192,2,5,-62.34,False
11699192,2,6,-36.26,True
11699192,2,7,-43.56,False
11699193,1,1,-11.0,False
11699193,1,2,10.0,False
11699193,1,3,-10.0,False
11699193,1,4,-34.4,True
11699193,1,5,-36.2,False
11699193,1,6,-37.8,True
11699193,1,7,-14.8,False
11699193,2,1,-35.0,True
11699193,2,2,-11.0,False
11699193,2,3,-42.8,True
11699193,2,4,-11.8,False
11699193,2,5,10.0,False
11699193,2,6,-10.0,False
11699193,2,7,-10.0,True
11699194,1,1,-28.5,False
11699194,1,2,22.8,False
11699194,1,3,-10.0,False
11699194,1,4,14.74,False
11699194,1,5,55.38,True
11699194,1,6,10.0,False
11699194,1,7,64.66,True
11699194,1,8,10.0,False
11699194,2,1,-10.0,False
11699194,2,2,-36.96,True
11699194,2,3,-10.0,False
11699194,2,4,-63.68,True
11699194,2,5,44.56,True
11699194,2,6,-21.6,True
11699194,2,7,-10.0,False
11699194,3,1,28.5,False
11699194,3,2,61.8,True
11699194,3,3,70.62,False
11699194,3,4,-31.74,False
11699194,3,5,10.0,False
11699194,3,6,10.0,True
11699194,3,7,21.72,False
11699195,1,1,-29.0,False
11699195,1,2,-58.8,True
11699195,1,3,-77.4,False
11699195,1,4,10.0,False
11699195,1,5,-72.4,False
11699195,1,6,-84.4,True
11699195,1,7,-32.8,False
11699195,2,1,10.0,False
11699195,2,2,-10.0,False
11699195,2,3,-34.0,True
11699195,2,4,-61.4,False
11699195,2,5,-72.4,True
11699195,2,6,-75.8,False
11699195,2,7,-56.8,True
11699196,1,1,-73.0,True
11699196,1,2,-18.6,False
11699196,1,3,-68.4,True
11699196,1,4,-35.4,False
11699196,1,5,-70.4,True
11699196,1,6,-21.8,False
11699196,2,1,-18.0,True
11699196,2,2,-39.6,False
11699196,2,3,-43.8,True
11699196,2,4,-42.8,False
11699196,2,5,-67.4,True
11699196,2,6,-24.8,False
11699197,1,1,10.0,False
11699197,1,2,10.0,True
11699197,1,3,47.0,False
11699197,1,4,40.4,True
11699197,1,5,46.8,False
11699197,1,6,-41.2,False
11699197,1,7,49.0,False
11699197,2,1,10.0,True
11699197,2,2,10.0,False
11699197,2,3,-10.0,False
11699197,2,4,10.0,False
11699197,2,5,19.6,True
11699197,2,6,10.0,False
11699197,2,7,-10.0,False
11699197,2,8,-10.8,True
11699197,2,9,29.4,True
11699198,1,1,-33.0,True
11699198,1,2,28.4,True
11699198,1,3,-34.6,True
11699198,1,4,55.0,True
11699198,1,5,-38.0,True
11699198,1,6,37.6,True
11699198,1,7,52.6,False
11699198,1,8,70.8,True
11699198,1,9,25.4,False
11699198,2,1,75.0,True
11699198,2,2,-40.0,True
11699198,2,3,-50.0,False
11699198,2,4,10.0,False
11699198,2,5,-28.0,False
11699198,2,6,30.2,False
11699198,2,7,36.2,True
11699198,2,8,36.8,False
11699198,2,9,29.8,True
11699199,1,1,75.0,True
11699199,1,2,69.0,False
11699199,1,3,60.8,True
11699199,1,4,10.0,False
11699199,1,5,-26.8,False
11699199,1,6,-65.6,True
11699199,1,7,10.0,True
11699199,1,8,22.0,False
11699199,2,1,-11.0,False
11699199,2,2,-57.2,True
11699199,2,3,61.8,True
11699199,2,4,-31.0,True
11699199,2,5,-10.0,False
11699199,2,6,10.0,False
11699199,2,7,51.6,True
11699199,2,8,15.4,False
11699199,2,9,16.4,True
11699199,2,10,30.8,False
11699200,1,1,10.0,False
11699200,1,2,72.8,True
11699200,1,3,18.4,False
11699200,1,4,10.0,True
11699200,1,5,-22.4,True
11699200,1,6,12.8,True
11699200,1,7,10.0,False
11699200,2,1,35.0,True
11699200,2,2,-48.0,True
11699200,2,3,51.0,True
11699200,2,4,-55.0,True
11699200,2,5,33.0,True
11699200,2,6,10.0,False
11699200,2,7,-10.0,False
11699200,2,8,10.0,False
11699200,2,9,-54.4,False
11699200,2,10,-15.0,True
11699200,2,11,10.0,True
11699200,2,12,-32.0,True
11699200,2,13,10.0,False
11699296,1,1,-61.0,False
11699296,1,2,41.8,False
11699296,1,3,31.6,True
11699296,1,4,21.4,False
11699296,1,5,-10.0,False
11699296,1,6,-74.6,True
11699296,1,7,37.6,True
11699296,1,8,-39.4,True
11699296,1,9,-25.4,False
11699296,1,10,-65.8,True
11699296,2,1,-29.0,False
11699296,2,2,10.0,False
11699296,2,3,-10.0,False
11699296,2,4,10.0,False
11699296,2,5,52.2,True
11699296,2,6,37.2,False
11699296,2,7,87.8,True
11699296,2,8,24.0,False
11699296,3,1,35.0,True
11699296,3,2,10.0,False
11699296,3,3,-47.8,False
11699296,3,4,10.0,False
11699296,3,5,25.0,True
11699296,3,6,-12.2,True
11699296,3,7,-26.0,False
11699296,3,8,-64.8,True
11699296,3,9,10.0,True
11699296,3,10,10.0,False
11699361,1,1,-32.3,True
11699361,1,2,-22.76,False
11699361,1,3,-45.82,True
11699361,1,4,-29.48,False
11699361,1,5,-32.32,True
11699361,1,6,-11.46,False
11699361,2,1,-56.0,True
11699361,2,2,-17.9,False
11699361,2,3,10.0,False
11699361,2,4,-13.52,False
11699361,2,5,-39.08,True
11699361,2,6,-12.92,False
11699361,2,7,19.2,False
11699361,2,8,-10.0,False
11699386,1,1,-21.6,True
11699386,1,2,31.98,True
11699386,1,3,-31.36,True
11699386,1,4,36.7,True
11699386,1,5,10.0,False
11699386,1,6,28.36,True
11699386,1,7,10.0,False
11699386,1,8,-10.0,False
11699386,1,9,10.0,False
11699386,2,1,32.3,True
11699386,2,2,60.16,False
11699386,2,3,-10.0,False
11699386,2,4,10.0,False
11699386,2,5,30.0,True
11699386,2,6,56.46,False
11699386,2,7,53.9,True
11701486,1,1,-32.0,True
11701486,1,2,-35.4,False
11701486,1,3,-43.2,True
11701486,1,4,-21.0,False
11701486,1,5,10.0,False
11701486,1,6,10.0,True
11701486,1,7,10.0,False
11701486,1,8,-28.2,False
11701486,1,9,-24.0,True
11701486,2,1,-54.0,False
11701486,2,2,10.0,False
11701486,2,3,10.0,True
11701486,2,4,-79.2,True
11701486,2,5,-23.0,False
11701486,2,6,-70.6,True
11701486,2,7,-35.6,False
11701486,2,8,10.0,False
11701486,2,9,27.2,True
11701486,2,10,-31.0,True
11701487,1,1,10.0,False
11701487,1,2,-10.0,False
11701487,1,3,28.2,False
11701487,1,4,-23.4,False
11701487,1,5,-35.0,True
11701487,1,6,-16.8,False
11701487,1,7,10.0,False
11701487,1,8,-10.0,False
11701487,1,9,-55.8,True
11701487,2,1,10.0,True
11701487,2,2,21.0,False
11701487,2,3,-10.2,False
11701487,2,4,-15.8,True
11701487,2,5,29.4,True
11701487,2,6,-70.0,True
11701487,2,7,-68.6,False
11701487,2,8,-61.8,True
11701487,2,9,-73.2,False
11701490,1,1,10.0,False
11701490,1,2,-10.0,False
11701490,1,3,52.0,False
11701490,1,4,84.4,True
11701490,1,5,49.8,False
11701490,1,6,94.8,True
11701490,1,7,73.8,False
11701490,2,1,-29.0,False
11701490,2,2,-40.8,True
11701490,2,3,10.0,True
11701490,2,4,10.0,False
11701490,2,5,-10.0,False
11701490,2,6,26.4,False
11701490,2,7,78.0,True
11701490,2,8,49.4,False
11701490,2,9,21.4,True
11701491,1,1,-53.0,True
11701491,1,2,-11.6,False
11701491,1,3,18.2,False
11701491,1,4,21.6,True
11701491,1,5,63.0,False
11701491,1,6,-10.0,False
11701491,1,7,-24.2,True
11701491,1,8,10.0,True
11701491,1,9,10.0,False
11701491,1,10,-32.4,False
11701491,1,11,22.6,False
11701491,1,12,35.0,True
11701491,2,1,54.0,False
11701491,2,2,-10.0,False
11701491,2,3,37.8,False
11701491,2,4,-50.2,False
11701491,2,5,31.0,False
11701491,2,6,51.4,True
11701491,2,7,-10.0,True
11701491,2,8,42.0,True
11701491,2,9,-15.0,True
11701491,2,10,-14.6,False
11701491,2,11,21.8,False
11701491,2,12,10.0,True
11701494,1,1,-10.0,False
11701494,1,2,10.0,False
11701494,1,3,-10.0,False
11701494,1,4,-37.4,True
11701494,1,5,-61.8,False
11701494,1,6,-52.8,True
11701494,1,7,10.0,True
11701494,1,8,20.6,False
11701494,1,9,-10.0,False
11701494,2,1,54.0,False
11701494,2,2,65.8,True
11701494,2,3,20.8,False
11701494,2,4,-10.0,False
11701494,2,5,-55.8,True
11701494,2,6,-15.6,False
11701494,2,7,10.0,False
11701494,2,8,-11.0,False
11701494,2,9,-13.4,True
11701494,2,10,50.4,True
11701494,2,11,-24.4,True
11701494,2,12,-24.6,False
11701496,1,1,-29.0,False
11701496,1,2,-58.8,True
11701496,1,3,-16.4,False
11701496,1,4,-83.6,True
11701496,1,5,-18.6,False
11701496,1,6,-90.4,True
11701496,2,1,-29.0,False
11701496,2,2,-25.8,True
11701496,2,3,-12.8,False
11701496,2,4,-10.0,True
11701496,2,5,-10.0,False
11701496,2,6,-12.8,True
11701497,1,1,53.0,True
11701497,1,2,-64.4,True
11701497,1,3,-10.0,False
11701497,1,4,38.8,False
11701497,1,5,43.6,True
11701497,1,6,46.4,False
11701497,1,7,67.4,True
11701497,1,8,15.8,False
11701497,2,1,55.0,True
11701497,2,2,65.0,False
11701497,2,3,76.8,True
11701497,2,4,20.8,False
11701497,2,5,85.8,True
11701497,2,6,18.8,False
11701499,1,1,20.0,True
11701499,1,2,-16.0,True
11701499,1,3,35.0,True
11701499,1,4,-32.0,True
11701499,1,5,-54.0,False
11701499,1,6,36.2,False
11701499,1,7,-10.0,False
11701499,1,8,10.0,False
11701499,1,9,31.8,True
11701499,1,10,-10.0,True
11701499,1,11,-47.6,False
11701499,1,12,10.0,False
11701499,1,13,10.0,False
11701499,2,1,54.0,False
11701499,2,2,45.8,True
11701499,2,3,-13.2,True
11701499,2,4,-53.2,False
11701499,2,5,10.0,False
11701499,2,6,-14.4,False
11701499,2,7,52.8,False
11701499,2,8,30.2,True
11701499,2,9,10.0,False
11701536,1,1,10.0,False
11701536,1,2,39.52,True
11701536,1,3,-10.0,True
11701536,1,4,10.0,True
11701536,1,5,10.0,False
11701536,1,6,-20.06,False
11701536,1,7,45.7,False
11701536,1,8,44.46,True
11701536,2,1,-56.5,True
11701536,2,2,-36.5,False
11701536,2,3,10.0,False
11701536,2,4,25.8,True
11701536,2,5,-31.3,True
11701536,2,6,-10.0,False
11701536,2,7,10.0,False
11701536,2,8,76.46,True
11701536,2,9,-29.6,True
11701536,2,10,67.86,True
11701536,2,11,10.0,False
11701536,2,12,68.52,True
11701537,1,1,-51.6,False
11701537,1,2,-51.82,True
11701537,1,3,22.88,True
11701537,1,4,-10.0,True
11701537,1,5,36.02,True
11701537,1,6,57.08,False
11701537,1,7,-10.0,False
11701537,1,8,10.0,False
11701537,1,9,33.92,True
11701537,1,10,-73.74,True
11701537,1,11,-59.2,False
11701537,1,12,10.0,False
11701537,1,13,-10.0,False
11701537,2,1,25.2,False
11701537,2,2,84.54,True
11701537,2,3,50.14,False
11701537,2,4,-10.0,False
11701537,2,5,-54.9,True
11701537,2,6,-13.54,False
11701537,2,7,10.0,False
11701537,2,8,-47.82,False
11701537,2,9,-66.8,True
11701537,2,10,10.0,True
11701537,2,11,-70.58,True
11701537,2,12,-61.68,False
11701539,1,1,29.2,False
11701539,1,2,-10.0,False
11701539,1,3,10.0,False
11701539,1,4,38.46,True
11701539,1,5,10.0,False
11701539,1,6,67.54,True
11701539,1,7,30.94,False
11701539,2,1,41.5,True
11701539,2,2,63.9,False
11701539,2,3,19.82,True
11701539,2,4,10.0,False
11701539,2,5,40.3,True
11701539,2,6,58.62,False
11701540,1,1,-25.2,False
11701540,1,2,-32.84,True
11701540,1,3,-35.8,False
11701540,1,4,10.0,False
11701540,1,5,-64.24,False
11701540,1,6,-30.02,True
11701540,1,7,26.76,True
11701540,1,8,-22.32,True
11701540,2,1,-25.2,False
11701540,2,2,-46.54,True
11701540,2,3,-68.94,False
11701540,2,4,10.0,False
11701540,2,5,-70.48,False
11701540,2,6,-78.58,True
11701540,2,7,-23.62,False
11701541,1,1,20.1,False
11701541,1,2,-10.0,False
11701541,1,3,-38.2,True
11701541,1,4,68.48,True
11701541,1,5,10.0,False
11701541,1,6,-37.38,False
11701541,1,7,44.0,False
11701541,1,8,24.9,True
11701541,1,9,10.0,False
11701541,2,1,41.5,True
11701541,2,2,63.9,False
11701541,2,3,60.92,True
11701541,2,4,18.22,False
11701541,2,5,-10.0,False
11701541,2,6,10.0,False
11701541,2,7,10.0,True
11701543,1,1,-10.0,True
11701543,1,2,-10.0,False
11701543,1,3,-42.06,True
11701543,1,4,-33.74,False
11701543,1,5,38.26,False
11701543,1,6,-19.92,False
11701543,1,7,-18.82,True
11701543,2,1,-20.1,False
11701543,2,2,10.0,False
11701543,2,3,-57.7,False
11701543,2,4,10.0,False
11701543,2,5,-38.78,False
11701543,2,6,-48.1,True
11701543,2,7,28.5,True
11701543,2,8,-27.46,True
11701543,2,9,40.54,True
11701543,2,10,53.6,False
11701543,2,11,-10.0,False
11701543,2,12,-36.22,True
11701544,1,1,-58.5,True
11701544,1,2,-14.5,False
11701544,1,3,-51.76,True
11701544,1,4,-60.06,False
11701544,1,5,-74.72,True
11701544,1,6,-46.82,False
11701544,2,1,10.0,False
11701544,2,2,-10.0,False
11701544,2,3,-43.0,True
11701544,2,4,-37.66,False
11701544,2,5,-74.42,True
11701544,2,6,-73.32,False
11701544,2,7,-49.02,True
11701555,1,1,21.6,True
11701555,1,2,14.02,False
11701555,1,3,23.86,True
11701555,1,4,10.0,False
11701555,1,5,-14.68,False
11701555,1,6,10.0,False
11701555,1,7,19.44,True
11701555,2,1,10.0,False
11701555,2,2,-10.0,False
11701555,2,3,51.58,False
11701555,2,4,65.78,True
11701555,2,5,75.66,False
11701555,2,6,56.26,True
11701555,2,7,-18.7,True
11701555,2,8,35.9,True
11701556,1,1,-28.5,False
11701556,1,2,-17.9,True
11701556,1,3,13.46,True
11701556,1,4,10.0,False
11701556,1,5,-18.62,False
11701556,1,6,25.94,False
11701556,1,7,55.38,True
11701556,1,8,40.42,False
11701556,1,9,22.44,True
11701556,2,1,23.6,False
11701556,2,2,-23.78,False
11701556,2,3,10.0,False
11701556,2,4,-34.52,False
11701556,2,5,54.08,False
11701556,2,6,-22.18,False
11701556,2,7,29.92,False
11701556,2,8,-24.58,False
11701556,2,9,34.9,False
11701556,2,10,38.56,True
11701557,1,1,28.5,False
11701557,1,2,59.8,True
11701557,1,3,70.22,False
11701557,1,4,77.66,True
11701557,1,5,25.26,False
11701557,1,6,-10.0,False
11701557,1,7,27.38,False
11701557,2,1,54.1,True
11701557,2,2,64.52,False
11701557,2,3,53.86,True
11701557,2,4,20.5,False
11701557,2,5,61.22,True
11701557,2,6,41.48,False
11701558,1,1,-16.2,False
11701558,1,2,-36.84,True
11701558,1,3,-18.86,False
11701558,1,4,10.0,False
11701558,1,5,-62.2,False
11701558,1,6,-46.64,True
11701558,1,7,55.02,True
11701558,1,8,11.22,False
11701558,1,9,-10.0,False
11701558,2,1,-75.9,True
11701558,2,2,-21.68,False
11701558,2,3,-72.58,True
11701558,2,4,10.0,True
11701558,2,5,-45.32,True
11701558,2,6,-37.32,False
11701558,2,7,11.58,False
11701558,2,8,-30.98,False
11701565,1,1,-29.5,False
11701565,1,2,19.3,False
11701565,1,3,59.64,True
11701565,1,4,10.0,False
11701565,1,5,-10.0,False
11701565,1,6,-14.32,True
11701565,1,7,57.84,True
11701565,1,8,29.78,False
11701565,1,9,-10.0,False
11701565,1,10,27.14,False
11701565,2,1,77.5,True
11701565,2,2,67.1,False
11701565,2,3,100.0,True
11701565,2,4,55.02,False
11701565,2,5,49.14,True
11701565,2,6,40.6,False
11701606,1,1,-10.0,False
11701606,1,2,10.0,False
11701606,1,3,-31.4,False
11701606,1,4,10.0,False
11701606,1,5,-11.0,False
11701606,1,6,10.0,False
11701606,1,7,-62.8,False
11701606,1,8,-63.8,True
11701606,1,9,-51.4,False
11701606,2,1,11.0,False
11701606,2,2,37.2,True
11701606,2,3,13.2,False
11701606,2,4,24.8,True
11701606,2,5,10.0,False
11701606,2,6,-27.0,False
11701606,2,7,-82.2,True
11701606,2,8,-30.8,False
11701606,2,9,-52.0,True
11701606,2,10,-63.0,False
11701606,2,11,-49.8,True
11701606,2,12,-53.2,False
11701608,1,1,55.0,True
11701608,1,2,40.0,False
11701608,1,3,34.8,True
11701608,1,4,-10.0,True
11701608,1,5,-10.0,False
11701608,1,6,-37.8,True
11701608,1,7,65.6,True
11701608,1,8,11.6,False
11701608,1,9,90.4,True
11701608,2,1,29.0,False
11701608,2,2,-10.0,False
11701608,2,3,10.0,False
11701608,2,4,71.6,True
11701608,2,5,66.4,False
11701608,2,6,60.8,True
11701608,2,7,-37.2,True
11701608,2,8,29.0,True
11701609,1,1,10.0,False
11701609,1,2,-14.2,False
11701609,1,3,26.8,False
11701609,1,4,-10.0,False
11701609,1,5,10.0,False
11701609,1,6,10.0,True
11701609,1,7,10.0,False
11701609,1,8,12.2,True
11701609,2,1,-20.0,True
11701609,2,2,31.0,True
11701609,2,3,57.0,False
11701609,2,4,92.8,True
11701609,2,5,54.8,False
11701609,2,6,-10.0,False
11701609,2,7,10.0,False
11701609,2,8,10.0,True
11701610,1,1,29.0,False
11701610,1,2,-10.0,False
11701610,1,3,34.4,False
11701610,1,4,-10.0,False
11701610,1,5,-10.0,True
11701610,1,6,-10.0,False
11701610,1,7,10.0,False
11701610,1,8,-10.0,False
11701610,1,9,-55.8,True
11701610,2,1,-29.0,False
11701610,2,2,10.0,False
11701610,2,3,10.0,True
11701610,2,4,10.0,False
11701610,2,5,-10.0,False
11701610,2,6,-11.4,True
11701610,2,7,-31.6,False
11701610,2,8,10.0,False
11701610,2,9,-60.6,False
11701610,2,10,-31.6,True
11701611,1,1,35.0,True
11701611,1,2,11.0,False
11701611,1,3,-10.0,False
11701611,1,4,29.0,False
11701611,1,5,-10.0,False
11701611,1,6,-30.0,True
11701611,1,7,-19.8,False
11701611,1,8,-44.4,True
11701611,1,9,45.6,True
11701611,1,10,58.0,False
11701611,1,11,38.8,True
11701611,1,12,68.2,False
11701611,2,1,75.0,True
11701611,2,2,69.0,False
11701611,2,3,-10.0,False
11701611,2,4,62.4,False
11701611,2,5,63.4,True
11701611,2,6,-13.2,True
11701611,2,7,-10.0,False
11701611,2,8,47.0,False
11701611,2,9,-18.2,False
11701611,2,10,10.0,False
11701612,1,1,-10.0,False
11701612,1,2,-35.8,True
11701612,1,3,-68.8,False
11701613,1,1,10.0,False
11701613,1,2,-54.6,False
11701613,1,3,17.6,False
11701613,1,4,-41.0,False
11701613,1,5,29.6,False
11701613,1,6,32.0,True
11701613,1,7,10.0,False
11701613,1,8,-23.4,False
11701613,1,9,47.2,False
11701613,2,1,55.0,True
11701613,2,2,40.0,False
11701613,2,3,-12.2,False
11701613,2,4,10.0,False
11701613,2,5,47.0,True
11701613,2,6,14.4,False
11701613,2,7,86.4,True
11701614,1,1,54.0,False
11701614,1,2,30.8,True
11701614,1,3,43.8,False
11701614,1,4,-10.0,False
11701614,1,5,10.0,False
11701614,1,6,-18.8,False
11701614,1,7,-58.0,True
11701614,1,8,-22.8,False
11701614,1,9,41.4,False
11701614,1,10,-10.0,False
11701614,1,11,-64.4,True
11701614,1,12,-19.2,False
11701614,2,1,-18.0,True
11701614,2,2,10.0,True
11701614,2,3,10.0,False
11701614,2,4,19.8,True
11701614,2,5,58.4,False
11701614,2,6,-14.6,False
11701614,2,7,-48.0,True
11701614,2,8,-45.4,False
11701614,2,9,-36.4,True
11701614,2,10,10.2,True
11701614,2,11,-20.0,True
11701614,2,12,-54.0,False
11701615,1,1,24.0,False
11701615,1,2,-31.2,False
11701615,1,3,-37.4,True
11701615,1,4,10.0,True
11701615,1,5,10.0,False
11701615,1,6,39.8,True
11701615,1,7,61.8,False
11701615,1,8,-10.0,False
11701615,1,9,-10.0,True
11701615,1,10,29.2,True
11701615,2,1,29.0,False
11701615,2,2,-10.0,False
11701615,2,3,-29.2,True
11701615,2,4,48.0,True
11701615,2,5,-28.0,True
11701615,2,6,-10.0,False
11701615,2,7,-10.0,True
11701615,2,8,-55.8,False
11701615,3,1,29.0,False
11701615,3,2,-10.0,False
11701615,3,3,-46.0,True
11701615,3,4,-40.0,False
11701615,3,5,10.0,False
11701615,3,6,27.6,True
11701615,3,7,10.0,False
11701615,3,8,-16.2,False
11701615,3,9,-24.0,True
11701615,3,10,-62.8,False
11701616,1,1,35.0,True
11701616,1,2,-28.0,True
11701616,1,3,-54.0,False
11701616,1,4,-72.8,True
11701616,1,5,-25.8,False
11701616,1,6,-28.8,True
11701616,1,7,30.8,True
11701616,1,8,-47.4,True
11701616,2,1,55.0,True
11701616,2,2,65.0,False
11701616,2,3,76.8,True
11701616,2,4,50.8,False
11701616,2,5,-10.0,False
11701616,2,6,-50.2,True
11701616,2,7,23.0,True
11701616,2,8,25.0,False
11701616,3,1,-17.0,False
11701616,3,2,10.0,False
11701616,3,3,14.4,True
11701616,3,4,10.0,False
11701616,3,5,-10.0,False
11701616,3,6,27.6,False
11701616,3,7,-10.0,False
11701616,3,8,34.0,False
11701616,3,9,60.0,True
11701617,1,1,10.0,False
11701617,1,2,-10.0,False
11701617,1,3,36.0,False
11701617,1,4,-19.6,False
11701617,1,5,-53.0,True
11701617,1,6,10.0,True
11701617,1,7,10.0,False
11701617,1,8,36.6,True
11701617,1,9,36.6,False
11701617,2,1,35.0,True
11701617,2,2,-44.0,True
11701617,2,3,71.8,True
11701617,2,4,10.0,False
11701617,2,5,70.8,True
11701617,2,6,-21.2,True
11701617,2,7,-10.0,False
11701617,2,8,10.0,False
11701617,2,9,-10.0,False
11701617,2,10,-55.8,True
11701617,2,11,10.0,True
11701617,2,12,22.0,False
11701632,1,1,-10.0,False
11701632,1,2,22.98,False
11701632,1,3,26.92,True
11701632,1,4,10.0,False
11701632,1,5,-11.94,False
11701632,1,6,-62.68,True
11701632,1,7,-33.42,False
11701632,1,8,-54.76,True
11701632,1,9,-15.16,False
11701632,2,1,-10.7,True
11701632,2,2,-25.84,False
11701632,2,3,-46.18,True
11701634,1,1,55.0,False
11701634,1,2,-10.0,False
11701634,1,3,10.68,False
11701634,1,4,-10.0,False
11701634,1,5,10.0,False
11701634,1,6,-10.0,False
11701634,1,7,10.0,False
11701634,1,8,-33.38,False
11701634,1,9,47.7,False
11701634,1,10,15.36,True
11701634,2,1,55.0,False
11701634,2,2,-44.0,False
11701634,2,3,55.0,False
11701634,2,4,10.7,True
11701634,2,5,-24.06,True
11701634,2,6,-27.8,False
11701634,2,7,10.0,False
11701634,2,8,-34.78,False
11701634,2,9,39.68,False
11701634,2,10,30.46,True
11701643,1,1,-32.7,False
11701643,1,2,-13.04,True
11701643,1,3,-60.64,False
11701643,1,4,10.0,False
11701643,1,5,-40.04,False
11701643,1,6,-63.8,True
11701643,1,7,-17.72,False
11701643,2,1,-33.7,True
11701643,2,2,-34.64,False
11701643,2,3,-48.42,True
11701643,2,4,-18.5,False
11701643,2,5,10.0,False
11701643,2,6,-11.4,False
11701643,2,7,-28.54,True
11701645,1,1,10.0,False
11701645,1,2,-20.02,False
11701645,1,3,-43.08,True
11701645,1,4,43.62,True
11701645,1,5,56.4,False
11701645,1,6,57.48,True
11701645,1,7,14.38,False
11701645,1,8,82.44,True
11701645,2,1,52.8,False
11701645,2,2,-10.0,False
11701645,2,3,37.38,False
11701645,2,4,-10.0,False
11701645,2,5,10.0,False
11701645,2,6,21.3,True
11701645,2,7,31.64,False
11701645,2,8,85.58,True
11701646,1,1,52.8,False
11701646,1,2,31.86,True
11701646,1,3,16.22,False
11701646,1,4,10.0,True
11701646,1,5,21.52,False
11701646,1,6,55.56,True
11701646,2,1,10.0,False
11701646,2,2,76.18,True
11701646,2,3,42.56,False
11701646,2,4,56.7,True
11701646,2,5,39.74,False
11701646,2,6,46.84,True
11701648,1,1,32.7,False
11701648,1,2,-15.36,False
11701648,1,3,54.96,False
11701648,1,4,-10.0,False
11701648,1,5,-27.26,True
11701648,1,6,-61.74,False
11701648,1,7,10.0,False
11701648,1,8,22.16,True
11701648,1,9,10.0,False
11701648,1,10,-10.0,False
11701648,1,11,31.74,False
11701648,1,12,80.26,True
11701648,2,1,52.8,False
11701648,2,2,44.76,True
11701648,2,3,13.6,False
11701648,2,4,-10.0,False
11701648,2,5,55.92,False
11701648,2,6,-10.0,False
11701648,2,7,63.8,False
11701648,2,8,14.48,True
11701653,1,1,-72.1,True
11701653,1,2,-22.62,False
11701653,1,3,-52.16,True
11701653,1,4,25.34,True
11701653,1,5,26.72,False
11701653,1,6,46.46,True
11701653,1,7,-23.84,True
11701653,1,8,-27.48,False
11701653,1,9,14.46,False
11701653,1,10,-27.1,False
11701653,2,1,-75.9,True
11701653,2,2,20.92,True
11701653,2,3,10.0,False
11701653,2,4,-11.78,False
11701653,2,5,-61.64,True
11701653,2,6,-41.64,False
11701653,2,7,-92.52,True
11701653,2,8,-73.4,False
11701655,1,1,-10.0,False
11701655,1,2,21.86,False
11701655,1,3,-10.0,False
11701655,1,4,10.0,False
11701655,1,5,-10.0,False
11701655,1,6,10.0,False
11701655,1,7,-12.26,False
11701655,1,8,-59.28,True
11701655,1,9,-44.86,False
11701655,2,1,58.4,False
11701655,2,2,-10.0,False
11701655,2,3,-68.14,True
11701655,2,4,-22.9,False
11701655,2,5,10.0,False
11701655,2,6,-37.38,False
11701655,2,7,-46.56,True
11701655,2,8,-66.56,False
11701656,1,1,52.8,False
11701656,1,2,42.36,True
11701656,1,3,10.0,False
11701656,1,4,60.06,True
11701656,1,5,72.9,False
11701656,1,6,10.0,True
11701656,2,1,10.0,False
11701656,2,2,10.0,True
11701656,2,3,27.06,False
11701656,2,4,42.82,True
11701656,2,5,39.74,False
11701656,2,6,17.24,True
11701662,1,1,10.0,False
11701662,1,2,-10.64,False
11701662,1,3,-51.7,True
11701662,1,4,-13.88,False
11701662,1,5,43.36,False
11701662,1,6,84.32,True
11701662,1,7,-10.0,True
11701662,1,8,-10.0,False
11701662,1,9,-42.2,True
11701662,2,1,-10.0,False
11701662,2,2,-56.3,True
11701662,2,3,-65.12,False
11701662,2,4,-52.26,True
11701662,2,5,-20.1,False
11701662,2,6,-58.82,True
11701697,1,1,29.0,False
11701697,1,2,-17.2,False
11701697,1,3,10.0,False
11701697,1,4,-32.8,False
11701697,1,5,10.0,False
11701697,1,6,-17.4,False
11701697,1,7,26.2,False
11701697,1,8,-25.4,False
11701697,1,9,-18.0,True
11701697,1,10,21.6,True
11701697,1,11,-32.4,True
11701697,1,12,-10.0,False
11701697,2,1,29.0,False
11701697,2,2,10.8,True
11701697,2,3,10.8,False
11701697,2,4,-10.0,False
11701697,2,5,10.0,False
11701697,2,6,28.6,True
11701697,2,7,10.8,False
11701697,3,1,-12.0,False
11701697,3,2,26.6,False
11701697,3,3,-10.0,False
11701697,3,4,10.0,False
11701697,3,5,29.6,True
11701697,3,6,56.8,False
11701697,3,7,-10.0,False
11701697,3,8,60.0,False
11701697,3,9,-10.0,False
11701697,3,10,14.6,False
11701698,1,1,10.0,True
11701698,1,2,10.0,False
11701698,1,3,-29.6,False
11701698,1,4,10.0,False
11701698,1,5,11.6,True
11701698,1,6,-72.0,True
11701698,1,7,23.6,True
11701698,1,8,-43.0,True
11701698,1,9,-10.0,False
11701698,1,10,-41.2,True
11701698,1,11,-31.8,False
11701698,1,12,-86.4,True
11701698,2,1,-61.0,False
11701698,2,2,10.0,False
11701698,2,3,41.4,True
11701698,2,4,-23.8,True
11701698,2,5,-50.4,False
11701698,2,6,36.2,False
11701698,2,7,10.0,True
11701698,2,8,10.0,False
11701698,2,9,-10.0,False
11701698,2,10,10.0,False
11701698,3,1,-54.0,False
11701698,3,2,-65.8,True
11701698,3,3,-25.8,False
11701698,3,4,10.0,False
11701698,3,5,73.0,True
11701698,3,6,-10.0,True
11701698,3,7,-10.0,False
11701698,3,8,-13.2,True
11701699,1,1,10.0,False
11701699,1,2,51.6,True
11701699,1,3,-10.8,True
11701699,1,4,61.6,True
11701699,1,5,-10.0,True
11701699,1,6,83.4,True
11701699,1,7,18.0,False
11701699,1,8,35.4,True
11701699,2,1,-33.0,True
11701699,2,2,-10.0,False
11701699,2,3,47.2,False
11701699,2,4,10.0,True
11701699,2,5,62.2,False
11701699,2,6,10.0,True
11701699,2,7,25.8,False
11701699,2,8,11.8,True
11701700,1,1,18.0,True
11701700,1,2,32.6,False
11701700,1,3,26.4,True
11701700,1,4,13.2,False
11701700,1,5,-10.0,False
11701700,1,6,27.6,False
11701700,1,7,38.6,True
11701700,2,1,29.0,False
11701700,2,2,60.8,True
11701700,2,3,45.8,False
11701700,2,4,-12.2,False
11701700,2,5,10.0,False
11701700,2,6,28.6,True
11701700,2,7,-28.6,True
11701700,2,8,-29.0,False
11701700,2,9,10.0,False
11701701,1,1,54.0,False
11701701,1,2,43.8,True
11701701,1,3,-15.6,True
11701701,1,4,-10.0,False
11701701,1,5,28.8,False
11701701,1,6,-22.4,False
11701701,1,7,10.0,False
11701701,1,8,-34.0,False
11701701,1,9,10.0,False
11701701,1,10,67.8,True
11701701,2,1,10.0,False
11701701,2,2,-28.2,False
11701701,2,3,-78.0,True
11701701,2,4,-24.4,False
11701701,2,5,10.0,False
11701701,2,6,37.0,True
11701701,2,7,-43.6,True
11701701,2,8,-10.0,False
11701701,2,9,-27.8,True
11701701,3,1,32.0,True
11701701,3,2,10.4,False
11701701,3,3,-10.0,False
11701701,3,4,10.0,False
11701701,3,5,54.2,True
11701701,3,6,-10.0,True
11701701,3,7,82.6,True
11701701,3,8,-10.0,True
11701701,3,9,66.0,True
11701779,1,1,10.0,False
11701779,1,2,39.26,True
11701779,1,3,32.86,False
11701779,1,4,-20.96,False
11701779,1,5,-43.24,True
11701779,1,6,-40.28,False
11701779,1,7,10.0,False
11701779,1,8,17.96,True
11701779,1,9,10.0,False
11701779,2,1,58.5,True
11701779,2,2,10.0,False
11701779,2,3,68.92,True
11701779,2,4,-31.08,True
11701779,2,5,44.9,True
11701779,2,6,-60.5,True
11701779,2,7,37.7,True
11701779,2,8,-27.9,True
11701779,2,9,10.0,True
11701780,1,1,10.0,False
11701780,1,2,75.8,True
11701780,1,3,12.8,False
11701780,1,4,-39.6,False
11701780,1,5,42.6,False
11701780,1,6,10.0,True
11701780,1,7,37.4,False
11701780,2,1,-10.0,False
11701780,2,2,54.0,False
11701780,2,3,45.8,True
11701780,2,4,21.8,False
11701780,2,5,-10.0,False
11701780,2,6,10.0,False
11701780,2,7,35.8,True
11701780,2,8,11.8,False
11701781,1,1,-16.0,True
11701781,1,2,29.8,True
11701781,1,3,-29.6,True
11701781,1,4,-10.0,False
11701781,1,5,-42.4,True
11701781,1,6,-61.8,False
11701781,1,7,10.0,False
11701781,1,8,-11.0,False
11701781,2,1,-55.0,True
11701781,2,2,22.0,True
11701781,2,3,-77.4,True
11701781,2,4,-10.0,False
11701781,2,5,10.0,False
11701781,2,6,-10.0,False
11701781,2,7,10.0,False
11701781,2,8,-10.0,False
11701781,2,9,-54.2,True
11701782,1,1,-10.0,False
11701782,1,2,50.34,False
11701782,1,3,-10.0,False
11701782,1,4,-68.14,True
11701782,1,5,-41.66,False
11701782,1,6,10.0,False
11701782,1,7,22.36,True
11701782,1,8,10.0,False
11701782,1,9,-10.0,False
11701782,1,10,51.12,False
11701782,1,11,51.58,True
11701782,1,12,10.0,False
11701782,2,1,41.5,True
11701782,2,2,10.0,False
11701782,2,3,66.72,True
11701782,2,4,10.0,False
11701782,2,5,-10.0,False
11701782,2,6,10.0,False
11701782,2,7,-23.78,False
11701782,2,8,10.0,False
11701783,1,1,-29.0,False
11701783,1,2,-38.8,True
11701783,1,3,-41.4,False
11701783,1,4,10.0,False
11701783,1,5,-59.0,False
11701783,1,6,10.0,False
11701783,1,7,10.0,True
11701783,1,8,-77.0,True
11701783,1,9,-45.6,False
11701783,2,1,-75.0,True
11701783,2,2,-19.0,False
11701783,2,3,13.2,False
11701783,2,4,-49.0,False
11701783,2,5,-40.0,True
11701783,2,6,-46.8,False
11701783,2,7,-47.8,True
11701784,1,1,35.0,True
11701784,1,2,61.0,False
11701784,1,3,-11.2,False
11701784,1,4,29.0,False
11701784,1,5,10.0,True
11701784,1,6,-50.6,True
11701784,1,7,-31.4,False
11701784,1,8,-62.8,True
11701784,1,9,10.0,True
11701784,1,10,10.0,False
11701784,2,1,33.0,True
11701784,2,2,35.6,False
11701784,2,3,30.4,True
11701784,2,4,13.4,False
11701784,2,5,-49.6,False
11701784,2,6,-43.0,True
11701784,2,7,-32.4,False
11701784,2,8,19.4,False
11701784,2,9,37.8,True
11701787,1,1,29.0,False
11701787,1,2,60.8,True
11701787,1,3,20.8,False
11701787,1,4,66.8,True
11701787,1,5,65.8,False
11701787,1,6,76.8,True
11701787,2,1,10.0,False
11701787,2,2,-55.4,False
11701787,2,3,10.0,False
11701787,2,4,45.0,True
11701787,2,5,-10.0,True
11701787,2,6,-20.0,False
11701787,2,7,10.0,False
11701787,2,8,12.2,True
11701787,2,9,31.0,False
11701788,1,1,20.1,False
11701788,1,2,45.52,True
11701788,1,3,37.52,False
11701788,1,4,73.84,True
11701788,1,5,10.0,False
11701788,1,6,86.24,True
11701788,2,1,10.0,False
11701788,2,2,-10.0,False
11701788,2,3,-31.14,True
11701788,2,4,-16.2,False
11701788,2,5,17.56,False
11701788,2,6,-22.24,False
11701788,2,7,51.6,False
11701788,2,8,65.78,True
11701788,2,9,-10.0,True
11701788,2,10,50.94,True
11701788,2,11,10.0,False
11701788,2,12,49.56,True
11701841,1,1,55.0,True
11701841,1,2,40.0,False
11701841,1,3,91.8,True
11701841,1,4,49.8,False
11701841,1,5,10.0,True
11701841,1,6,-52.2,True
11701841,1,7,19.4,True
11701841,2,1,10.0,False
11701841,2,2,10.0,True
11701841,2,3,50.0,False
11701841,2,4,25.8,True
11701841,2,5,25.4,False
11701841,2,6,-10.0,False
11701841,2,7,-28.6,True
11701841,2,8,-10.0,False
11701841,2,9,47.4,False
11701842,1,1,10.0,False
11701842,1,2,55.8,True
11701842,1,3,72.8,False
11701842,1,4,-10.0,False
11701842,1,5,10.0,False
11701842,1,6,70.8,True
11701842,1,7,10.0,False
11701842,2,1,-24.0,False
11701842,2,2,10.0,False
11701842,2,3,28.0,True
11701842,2,4,10.4,False
11701842,2,5,62.4,True
11701842,2,6,10.0,False
11701842,2,7,65.4,True
11701843,1,1,54.0,False
11701843,1,2,65.8,True
11701843,1,3,50.8,False
11701843,1,4,10.0,True
11701843,1,5,-35.8,True
11701843,1,6,-18.2,False
11701843,1,7,10.0,False
11701843,1,8,55.2,True
11701843,2,1,29.0,False
11701843,2,2,38.8,True
11701843,2,3,48.4,False
11701843,2,4,88.8,True
11701843,2,5,51.2,False
11701843,2,6,-10.0,False
11701843,2,7,-13.0,True
11701843,2,8,15.6,True
11701933,1,1,-75.0,True
11701933,1,2,-15.0,False
11701933,1,3,10.0,False
11701933,1,4,33.8,True
11701933,1,5,11.4,False
11701933,1,6,62.4,True
11701933,1,7,-10.0,True
11701933,1,8,10.0,True
11701933,1,9,10.0,False
11701933,2,1,-29.0,False
11701933,2,2,-10.8,True
11701933,2,3,10.2,True
11701933,2,4,13.4,False
11701933,2,5,80.6,True
11701933,2,6,46.2,False
11701933,2,7,93.8,True
11701933,2,8,-10.0,True
11701933,2,9,-19.4,False
11701933,2,10,10.0,False
11702248,1,1,25.2,False
11702248,1,2,84.54,True
11702248,1,3,-10.0,True
11702248,1,4,-42.12,False
11702248,1,5,-41.34,True
11702248,1,6,24.82,True
11702248,1,7,10.0,False
11702248,1,8,-15.14,False
11702248,1,9,-65.38,True
11702248,1,10,10.0,True
11702248,1,11,10.0,False
11702248,1,12,76.06,True
11702248,2,1,-27.8,True
11702248,2,2,-11.96,False
11702248,2,3,10.0,False
11702248,2,4,-15.9,False
11702248,2,5,-70.08,True
11702248,2,6,-14.56,False
11702248,2,7,-24.44,True
11702248,3,1,-29.2,False
11702248,3,2,-47.34,True
11702248,3,3,46.36,True
11702248,3,4,23.9,False
11702248,3,5,55.92,True
11702248,3,6,-29.52,True
11702248,3,7,-10.0,False
11702248,3,8,-70.32,True
11702248,3,9,-14.82,False
11703221,1,1,-10.0,False
11703221,1,2,10.0,False
11703221,1,3,-55.0,False
11703221,1,4,10.0,False
11703221,1,5,-40.4,False
11703221,1,6,-41.4,True
11703221,1,7,10.0,True
11703221,1,8,10.0,False
11703221,1,9,20.8,True
11703221,1,10,65.0,False
11703221,2,1,-10.0,False
11703221,2,2,28.4,False
11703221,2,3,40.2,True
11703221,2,4,-10.0,True
11703221,2,5,76.4,True
11703221,2,6,15.0,False
11703221,2,7,35.4,True
11703221,2,8,10.0,False
11703442,1,1,32.7,False
11703442,1,2,80.54,True
11703442,1,3,74.14,False
11703442,1,4,61.46,True
11703442,1,5,44.88,False
11703442,1,6,-14.46,False
11703442,1,7,10.0,False
11703442,2,1,56.0,True
11703442,2,2,-10.0,True
11703442,2,3,-10.0,False
11703442,2,4,10.0,False
11703442,2,5,-10.0,False
11703442,2,6,10.0,False
11703442,2,7,56.0,True
11703442,2,8,10.0,False
11703442,2,9,-10.0,False
11703442,2,10,49.74,False
11703444,1,1,-52.8,False
11703444,1,2,47.84,False
11703444,1,3,-21.18,False
11703444,1,4,34.32,False
11703444,1,5,-26.14,False
11703444,1,6,10.0,False
11703444,1,7,-12.14,False
11703444,1,8,-37.22,True
11703444,1,9,67.28,True
11703444,1,10,35.06,False
11703444,1,11,10.0,True
11703444,1,12,-72.9,True
11703444,1,13,10.0,False
11703444,2,1,10.0,False
11703444,2,2,-10.0,False
11703444,2,3,51.18,False
11703444,2,4,-42.52,False
11703444,2,5,58.4,False
11703444,2,6,57.12,True
11703444,2,7,17.18,False
11703444,2,8,-10.0,False
11703444,2,9,-57.42,True
11703444,2,10,64.42,True
11703445,1,1,10.0,False
11703445,1,2,-28.44,False
11703445,1,3,46.04,False
11703445,1,4,-21.96,False
11703445,1,5,-30.96,True
11703445,1,6,-16.44,False
11703445,1,7,19.12,False
11703445,1,8,-48.14,False
11703445,1,9,47.66,False
11703445,1,10,10.0,True
11703445,1,11,10.0,False
11703445,1,12,-10.0,False
11703445,1,13,10.0,False
11703445,2,1,-10.0,False
11703445,2,2,26.82,False
11703445,2,3,41.24,True
11703445,2,4,10.0,False
11703445,2,5,-22.18,False
11703445,2,6,10.0,False
11703445,2,7,-37.84,False
11703445,2,8,26.44,False
11703445,2,9,-10.0,False
11703445,2,10,10.0,False
11703470,1,1,25.2,False
11703470,1,2,-10.0,False
11703470,1,3,30.0,False
11703470,1,4,84.3,True
11703470,1,5,76.54,False
11703470,1,6,-24.58,False
11703470,1,7,-38.7,True
11703470,1,8,10.0,True
11703470,1,9,-30.48,True
11703470,1,10,-55.94,False
11703470,1,11,38.92,False
11703470,1,12,41.5,True
11703470,2,1,10.0,False
11703470,2,2,57.14,True
11703470,2,3,33.94,False
11703470,2,4,-34.46,False
11703470,2,5,10.0,False
11703470,2,6,-12.78,False
11703470,2,7,10.0,False
11703470,2,8,-10.0,False
11703470,2,9,50.08,False
11703524,1,1,32.7,False
11703524,1,2,-10.0,False
11703524,1,3,33.36,False
11703524,1,4,-21.96,False
11703524,1,5,64.0,False
11703524,1,6,43.48,True
11703524,1,7,42.32,False
11703524,1,8,31.08,True
11703524,2,1,-34.2,True
11703524,2,2,10.0,True
11703524,2,3,10.0,False
11703524,2,4,18.02,True
11703524,2,5,10.0,False
11703524,2,6,21.72,True
11703524,2,7,55.12,False
11703525,1,1,54.0,False
11703525,1,2,-43.2,False
11703525,1,3,10.0,False
11703525,1,4,-15.0,False
11703525,1,5,10.0,False
11703525,1,6,-29.0,False
11703525,1,7,24.0,False
11703525,1,8,-29.0,False
11703525,1,9,10.0,False
11703525,1,10,13.0,True
11703525,2,1,10.0,False
11703525,2,2,-21.2,False
11703525,2,3,10.0,False
11703525,2,4,-39.6,False
11703525,2,5,10.0,False
11703525,2,6,-10.4,False
11703525,2,7,54.0,False
11703525,2,8,-10.0,False
11703525,2,9,10.0,False
11703525,2,10,-10.0,False
11703525,2,11,53.8,False
11703525,2,12,45.6,True
